,initial_pos,no_of_pits,tyre_grid,tyre_1,tyre_2,tyre_grid_distance,tyre_1_distance,tyre_2_distance,sc,Temperature,Humidity,Altitude,Turns,RaceDistance,TrackLength,TeamAbility,DriverAbility,final_pos_gained
0,7.0,2.0,5.0,3.0,4.0,11.0,31.0,13.0,0.0,79.77,0.55,10.7,21.0,55.0,5.554,91.0,54.0,-4.0
1,6.0,1.0,5.0,3.0,3.0,8.0,47.0,0.0,0.0,79.77,0.55,10.7,21.0,55.0,5.554,145.0,49.0,-2.0
2,4.0,2.0,5.0,3.0,4.0,12.0,26.0,17.0,0.0,79.77,0.55,10.7,21.0,55.0,5.554,504.0,240.0,-1.0
3,17.0,1.0,4.0,3.0,3.0,22.0,33.0,0.0,0.0,79.77,0.55,10.7,21.0,55.0,5.554,57.0,43.0,4.0
4,15.0,1.0,4.0,3.0,3.0,18.0,37.0,0.0,0.0,79.77,0.55,10.7,21.0,55.0,5.554,28.0,8.0,0.0
5,11.0,1.0,4.0,3.0,3.0,1.0,54.0,0.0,0.0,79.77,0.55,10.7,21.0,55.0,5.554,85.0,95.0,-7.0
6,10.0,1.0,4.0,3.0,3.0,37.0,18.0,0.0,0.0,79.77,0.55,10.7,21.0,55.0,5.554,73.0,52.0,3.0
7,3.0,2.0,4.0,3.0,5.0,12.0,26.0,17.0,0.0,79.77,0.55,10.7,21.0,55.0,5.554,504.0,264.0,0.0
9,5.0,1.0,4.0,3.0,3.0,13.0,42.0,0.0,0.0,79.77,0.55,10.7,21.0,55.0,5.554,417.0,92.0,-1.0
10,13.0,1.0,3.0,4.0,4.0,40.0,15.0,0.0,0.0,79.77,0.55,10.7,21.0,55.0,5.554,85.0,37.0,4.0
11,9.0,1.0,5.0,4.0,4.0,18.0,37.0,0.0,0.0,79.77,0.55,10.7,21.0,55.0,5.554,91.0,37.0,-3.0
13,1.0,1.0,4.0,3.0,3.0,26.0,29.0,0.0,0.0,79.77,0.55,10.7,21.0,55.0,5.554,739.0,413.0,0.0
14,8.0,2.0,5.0,3.0,4.0,12.0,29.0,14.0,0.0,79.77,0.55,10.7,21.0,55.0,5.554,145.0,96.0,-2.0
16,20.0,1.0,4.0,3.0,3.0,29.0,26.0,0.0,0.0,79.77,0.55,10.7,21.0,55.0,5.554,739.0,326.0,16.0
17,19.0,1.0,3.0,4.0,4.0,24.0,31.0,0.0,0.0,79.77,0.55,10.7,21.0,55.0,5.554,1.0,1.0,0.0
19,8.0,1.0,4.0,2.0,2.0,15.0,43.0,0.0,0.0,78.61,0.47,2.6,16.0,58.0,5.303,145.0,49.0,-4.0
20,3.0,1.0,4.0,3.0,3.0,14.0,44.0,0.0,0.0,78.61,0.47,2.6,16.0,58.0,5.303,504.0,240.0,-1.0
21,9.0,1.0,4.0,3.0,3.0,12.0,46.0,0.0,0.0,78.61,0.47,2.6,16.0,58.0,5.303,57.0,43.0,1.0
22,17.0,1.0,3.0,4.0,4.0,37.0,21.0,0.0,0.0,78.61,0.47,2.6,16.0,58.0,5.303,417.0,95.0,6.0
23,10.0,1.0,4.0,2.0,2.0,13.0,45.0,0.0,0.0,78.61,0.47,2.6,16.0,58.0,5.303,73.0,52.0,-3.0
25,16.0,1.0,3.0,2.0,2.0,27.0,31.0,0.0,0.0,78.61,0.47,2.6,16.0,58.0,5.303,73.0,21.0,7.0
26,7.0,1.0,4.0,3.0,3.0,14.0,44.0,0.0,0.0,78.61,0.47,2.6,16.0,58.0,5.303,0.0,20.0,1.0
27,13.0,1.0,4.0,3.0,3.0,14.0,44.0,0.0,0.0,78.61,0.47,2.6,16.0,58.0,5.303,85.0,92.0,-1.0
28,15.0,1.0,3.0,2.0,2.0,26.0,32.0,0.0,0.0,78.61,0.47,2.6,16.0,58.0,5.303,85.0,37.0,5.0
29,11.0,1.0,4.0,2.0,2.0,13.0,45.0,0.0,0.0,78.61,0.47,2.6,16.0,58.0,5.303,91.0,37.0,4.0
30,4.0,1.0,4.0,3.0,3.0,25.0,33.0,0.0,0.0,78.61,0.47,2.6,16.0,58.0,5.303,417.0,278.0,1.0
31,1.0,1.0,4.0,3.0,3.0,15.0,43.0,0.0,0.0,78.61,0.47,2.6,16.0,58.0,5.303,739.0,413.0,-1.0
32,19.0,2.0,3.0,4.0,2.0,26.0,16.0,16.0,0.0,78.61,0.47,2.6,16.0,58.0,5.303,1.0,0.0,3.0
34,20.0,3.0,2.0,3.0,4.0,1.0,27.0,0.0,0.0,78.61,0.47,2.6,16.0,58.0,5.303,1.0,1.0,3.0
35,14.0,1.0,3.0,4.0,4.0,27.0,31.0,0.0,0.0,78.61,0.47,2.6,16.0,58.0,5.303,57.0,14.0,-1.0
36,12.0,1.0,3.0,4.0,4.0,46.0,25.0,0.0,0.0,91.72,0.19,63.5,8.0,71.0,4.318,91.0,54.0,0.0
37,5.0,1.0,4.0,3.0,3.0,25.0,46.0,0.0,0.0,91.72,0.19,63.5,8.0,71.0,4.318,145.0,49.0,-1.0
38,9.0,2.0,4.0,2.0,4.0,21.0,29.0,21.0,0.0,91.72,0.19,63.5,8.0,71.0,4.318,504.0,240.0,5.0
39,6.0,1.0,4.0,2.0,2.0,23.0,48.0,0.0,0.0,91.72,0.19,63.5,8.0,71.0,4.318,57.0,43.0,-3.0
40,11.0,1.0,3.0,2.0,2.0,34.0,37.0,0.0,0.0,91.72,0.19,63.5,8.0,71.0,4.318,0.0,8.0,-5.0
41,8.0,1.0,4.0,2.0,2.0,25.0,46.0,0.0,0.0,91.72,0.19,63.5,8.0,71.0,4.318,417.0,95.0,1.0
42,13.0,1.0,3.0,2.0,2.0,28.0,43.0,0.0,0.0,91.72,0.19,63.5,8.0,71.0,4.318,73.0,52.0,2.0
43,1.0,1.0,4.0,2.0,2.0,22.0,49.0,0.0,0.0,91.72,0.19,63.5,8.0,71.0,4.318,504.0,264.0,-1.0
45,10.0,3.0,4.0,2.0,2.0,11.0,2.0,0.0,0.0,91.72,0.19,63.5,8.0,71.0,4.318,0.0,20.0,-9.0
46,18.0,1.0,3.0,2.0,2.0,35.0,36.0,0.0,0.0,91.72,0.19,63.5,8.0,71.0,4.318,85.0,92.0,3.0
49,2.0,1.0,3.0,2.0,2.0,31.0,40.0,0.0,0.0,91.72,0.19,63.5,8.0,71.0,4.318,417.0,278.0,1.0
50,4.0,1.0,3.0,2.0,2.0,30.0,41.0,0.0,0.0,91.72,0.19,63.5,8.0,71.0,4.318,739.0,413.0,-1.0
51,19.0,1.0,3.0,2.0,2.0,41.0,30.0,0.0,0.0,91.72,0.19,63.5,8.0,71.0,4.318,145.0,96.0,11.0
52,20.0,1.0,3.0,2.0,2.0,27.0,44.0,0.0,0.0,91.72,0.19,63.5,8.0,71.0,4.318,1.0,0.0,2.0
54,17.0,1.0,3.0,2.0,2.0,19.0,52.0,0.0,0.0,91.72,0.19,63.5,8.0,71.0,4.318,1.0,1.0,-3.0
55,7.0,1.0,4.0,2.0,2.0,24.0,47.0,0.0,0.0,91.72,0.19,63.5,8.0,71.0,4.318,57.0,14.0,-3.0
56,7.0,2.0,4.0,3.0,4.0,9.0,30.0,12.0,1.0,69.98,0.44,26.8,20.0,51.0,6.003,145.0,49.0,-1.0
57,3.0,1.0,4.0,3.0,3.0,11.0,40.0,0.0,0.0,69.98,0.44,26.8,20.0,51.0,6.003,504.0,240.0,0.0
58,19.0,1.0,4.0,3.0,3.0,6.0,45.0,0.0,0.0,69.98,0.44,26.8,20.0,51.0,6.003,57.0,43.0,9.0
59,5.0,1.0,3.0,4.0,4.0,10.0,41.0,0.0,0.0,69.98,0.44,26.8,20.0,51.0,6.003,73.0,52.0,-1.0
60,8.0,2.0,3.0,4.0,4.0,34.0,13.0,4.0,0.0,69.98,0.44,26.8,20.0,51.0,6.003,504.0,264.0,3.0
61,13.0,1.0,4.0,3.0,3.0,10.0,41.0,0.0,0.0,69.98,0.44,26.8,20.0,51.0,6.003,73.0,21.0,4.0
63,11.0,1.0,4.0,3.0,3.0,12.0,39.0,0.0,0.0,69.98,0.44,26.8,20.0,51.0,6.003,85.0,92.0,0.0
67,9.0,1.0,4.0,3.0,3.0,12.0,39.0,0.0,0.0,69.98,0.44,26.8,20.0,51.0,6.003,145.0,96.0,2.0
70,18.0,3.0,3.0,3.0,3.0,14.0,9.0,0.0,0.0,69.98,0.44,26.8,20.0,51.0,6.003,1.0,1.0,2.0
71,17.0,1.0,4.0,3.0,3.0,7.0,44.0,0.0,0.0,69.98,0.44,26.8,20.0,51.0,6.003,57.0,14.0,5.0
72,10.0,1.0,3.0,2.0,2.0,24.0,33.0,0.0,0.0,78.22,0.59,16.9,15.0,57.0,5.412,91.0,54.0,-8.0
73,9.0,2.0,3.0,2.0,3.0,10.0,24.0,23.0,0.0,78.22,0.59,16.9,15.0,57.0,5.412,145.0,49.0,3.0
74,2.0,3.0,3.0,2.0,2.0,14.0,21.0,0.0,0.0,78.22,0.59,16.9,15.0,57.0,5.412,504.0,240.0,-3.0
76,13.0,2.0,3.0,3.0,2.0,9.0,30.0,18.0,0.0,78.22,0.59,16.9,15.0,57.0,5.412,417.0,95.0,5.0
77,14.0,2.0,3.0,2.0,2.0,8.0,25.0,24.0,0.0,78.22,0.59,16.9,15.0,57.0,5.412,73.0,52.0,4.0
78,1.0,2.0,3.0,2.0,2.0,13.0,23.0,21.0,0.0,78.22,0.59,16.9,15.0,57.0,5.412,504.0,264.0,-2.0
79,18.0,2.0,3.0,2.0,2.0,1.0,22.0,34.0,0.0,78.22,0.59,16.9,15.0,57.0,5.412,73.0,21.0,4.0
80,6.0,2.0,3.0,2.0,3.0,10.0,28.0,19.0,0.0,78.22,0.59,16.9,15.0,57.0,5.412,0.0,20.0,-7.0
81,12.0,2.0,3.0,3.0,2.0,9.0,16.0,32.0,0.0,78.22,0.59,16.9,15.0,57.0,5.412,85.0,92.0,3.0
82,15.0,2.0,3.0,2.0,3.0,12.0,26.0,19.0,0.0,78.22,0.59,16.9,15.0,57.0,5.412,85.0,37.0,3.0
83,17.0,2.0,3.0,3.0,2.0,12.0,20.0,25.0,0.0,78.22,0.59,16.9,15.0,57.0,5.412,91.0,37.0,0.0
85,3.0,2.0,3.0,3.0,2.0,13.0,21.0,23.0,0.0,78.22,0.59,16.9,15.0,57.0,5.412,739.0,413.0,2.0
86,7.0,3.0,3.0,2.0,1.0,4.0,20.0,0.0,0.0,78.22,0.59,16.9,15.0,57.0,5.412,145.0,96.0,-12.0
87,19.0,2.0,3.0,2.0,2.0,12.0,14.0,31.0,0.0,78.22,0.59,16.9,15.0,57.0,5.412,1.0,0.0,4.0
89,20.0,2.0,2.0,3.0,2.0,11.0,16.0,30.0,0.0,78.22,0.59,16.9,15.0,57.0,5.412,1.0,1.0,4.0
90,16.0,2.0,3.0,2.0,3.0,16.0,24.0,17.0,0.0,78.22,0.59,16.9,15.0,57.0,5.412,57.0,14.0,5.0
91,10.0,1.0,3.0,2.0,2.0,1.0,43.0,0.0,1.0,61.4,0.62,102.2,19.0,44.0,7.004,91.0,54.0,-4.0
93,2.0,2.0,3.0,2.0,3.0,15.0,18.0,11.0,0.0,61.4,0.62,102.2,19.0,44.0,7.004,504.0,240.0,-2.0
94,6.0,3.0,3.0,2.0,2.0,1.0,1.0,0.0,2.0,61.4,0.62,102.2,19.0,44.0,7.004,57.0,43.0,-10.0
95,9.0,1.0,3.0,2.0,2.0,16.0,28.0,0.0,0.0,61.4,0.62,102.2,19.0,44.0,7.004,0.0,8.0,-4.0
96,13.0,1.0,3.0,2.0,2.0,13.0,31.0,0.0,0.0,61.4,0.62,102.2,19.0,44.0,7.004,85.0,95.0,4.0
98,1.0,1.0,3.0,2.0,2.0,21.0,23.0,0.0,0.0,61.4,0.62,102.2,19.0,44.0,7.004,504.0,264.0,0.0
99,16.0,2.0,3.0,2.0,3.0,14.0,16.0,14.0,0.0,61.4,0.62,102.2,19.0,44.0,7.004,73.0,21.0,6.0
100,8.0,1.0,3.0,2.0,2.0,25.0,19.0,0.0,0.0,61.4,0.62,102.2,19.0,44.0,7.004,0.0,20.0,-4.0
101,17.0,1.0,2.0,3.0,3.0,23.0,21.0,0.0,0.0,61.4,0.62,102.2,19.0,44.0,7.004,417.0,92.0,12.0
102,19.0,1.0,2.0,3.0,3.0,24.0,20.0,0.0,0.0,61.4,0.62,102.2,19.0,44.0,7.004,85.0,37.0,12.0
103,12.0,2.0,3.0,2.0,3.0,11.0,20.0,13.0,0.0,61.4,0.62,102.2,19.0,44.0,7.004,91.0,37.0,4.0
104,3.0,1.0,3.0,2.0,2.0,22.0,22.0,0.0,0.0,61.4,0.62,102.2,19.0,44.0,7.004,739.0,413.0,1.0
105,14.0,1.0,2.0,3.0,3.0,30.0,14.0,0.0,0.0,61.4,0.62,102.2,19.0,44.0,7.004,1.0,0.0,-1.0
106,4.0,1.0,3.0,2.0,2.0,23.0,21.0,0.0,0.0,61.4,0.62,102.2,19.0,44.0,7.004,739.0,326.0,1.0
107,20.0,1.0,2.0,3.0,3.0,31.0,13.0,0.0,0.0,61.4,0.62,102.2,19.0,44.0,7.004,1.0,1.0,3.0
109,11.0,2.0,2.0,3.0,3.0,8.0,32.0,31.0,0.0,67.2,0.66,43.0,15.0,71.0,4.309,91.0,54.0,5.0
111,8.0,2.0,3.0,2.0,3.0,21.0,26.0,24.0,0.0,67.2,0.66,43.0,15.0,71.0,4.309,57.0,43.0,4.0
112,7.0,2.0,3.0,2.0,3.0,26.0,39.0,6.0,0.0,67.2,0.66,43.0,15.0,71.0,4.309,28.0,8.0,-6.0
113,6.0,2.0,3.0,2.0,3.0,22.0,25.0,24.0,0.0,67.2,0.66,43.0,15.0,71.0,4.309,85.0,95.0,4.0
114,15.0,2.0,3.0,2.0,3.0,17.0,28.0,26.0,0.0,67.2,0.66,43.0,15.0,71.0,4.309,73.0,52.0,6.0
115,9.0,2.0,3.0,2.0,3.0,27.0,26.0,18.0,0.0,67.2,0.66,43.0,15.0,71.0,4.309,28.0,20.0,-2.0
116,5.0,2.0,3.0,2.0,3.0,24.0,26.0,21.0,0.0,67.2,0.66,43.0,15.0,71.0,4.309,417.0,92.0,-9.0
117,16.0,2.0,2.0,3.0,3.0,23.0,23.0,25.0,0.0,67.2,0.66,43.0,15.0,71.0,4.309,85.0,37.0,6.0
118,13.0,3.0,2.0,1.0,3.0,27.0,17.0,0.0,0.0,67.2,0.66,43.0,15.0,71.0,4.309,91.0,37.0,-2.0
120,3.0,3.0,3.0,3.0,2.0,20.0,23.0,0.0,1.0,67.2,0.66,43.0,15.0,71.0,4.309,739.0,413.0,-4.0
121,20.0,1.0,3.0,2.0,2.0,29.0,42.0,0.0,0.0,67.2,0.66,43.0,15.0,71.0,4.309,145.0,96.0,17.0
122,18.0,3.0,2.0,2.0,3.0,23.0,31.0,0.0,2.0,67.2,0.66,43.0,15.0,71.0,4.309,1.0,0.0,6.0
123,19.0,4.0,2.0,2.0,1.0,20.0,16.0,0.0,1.0,67.2,0.66,43.0,15.0,71.0,4.309,1.0,1.0,3.0
124,12.0,2.0,3.0,2.0,3.0,20.0,26.0,25.0,0.0,67.2,0.66,43.0,15.0,71.0,4.309,57.0,14.0,7.0
125,7.0,2.0,3.0,2.0,1.0,12.0,8.0,32.0,1.0,64.91,0.72,11.3,18.0,52.0,5.891,91.0,54.0,0.0
126,8.0,2.0,3.0,2.0,1.0,13.0,22.0,17.0,0.0,64.91,0.72,11.3,18.0,52.0,5.891,145.0,49.0,-3.0
127,6.0,2.0,3.0,1.0,2.0,20.0,18.0,14.0,1.0,64.91,0.72,11.3,18.0,52.0,5.891,504.0,240.0,-10.0
128,12.0,1.0,2.0,1.0,1.0,17.0,35.0,0.0,0.0,64.91,0.72,11.3,18.0,52.0,5.891,57.0,43.0,4.0
129,5.0,1.0,2.0,1.0,1.0,12.0,40.0,0.0,0.0,64.91,0.72,11.3,18.0,52.0,5.891,417.0,95.0,1.0
130,15.0,3.0,2.0,1.0,3.0,18.0,6.0,0.0,0.0,64.91,0.72,11.3,18.0,52.0,5.891,73.0,52.0,-2.0
131,3.0,2.0,3.0,2.0,1.0,13.0,8.0,31.0,1.0,64.91,0.72,11.3,18.0,52.0,5.891,504.0,264.0,0.0
132,18.0,2.0,2.0,1.0,3.0,13.0,26.0,13.0,0.0,64.91,0.72,11.3,18.0,52.0,5.891,73.0,21.0,5.0
133,9.0,1.0,3.0,2.0,2.0,13.0,39.0,0.0,0.0,64.91,0.72,11.3,18.0,52.0,5.891,85.0,92.0,-3.0
134,17.0,2.0,3.0,2.0,1.0,12.0,9.0,31.0,1.0,64.91,0.72,11.3,18.0,52.0,5.891,85.0,37.0,8.0
136,4.0,2.0,2.0,2.0,1.0,13.0,7.0,32.0,1.0,64.91,0.72,11.3,18.0,52.0,5.891,417.0,278.0,-1.0
138,13.0,1.0,2.0,1.0,1.0,20.0,32.0,0.0,1.0,64.91,0.72,11.3,18.0,52.0,5.891,145.0,96.0,7.0
139,19.0,1.0,2.0,1.0,1.0,21.0,31.0,0.0,1.0,64.91,0.72,11.3,18.0,52.0,5.891,1.0,0.0,5.0
141,20.0,1.0,2.0,1.0,1.0,20.0,32.0,0.0,1.0,64.91,0.72,11.3,18.0,52.0,5.891,1.0,1.0,5.0
142,4.0,1.0,5.0,3.0,3.0,8.0,62.0,0.0,0.0,82.51,0.18,5.2,17.0,70.0,4.43,91.0,54.0,-2.0
143,1.0,1.0,4.0,3.0,3.0,26.0,44.0,0.0,0.0,82.51,0.18,5.2,17.0,70.0,4.43,504.0,240.0,-1.0
145,14.0,1.0,4.0,3.0,3.0,34.0,36.0,0.0,0.0,82.51,0.18,5.2,17.0,70.0,4.43,0.0,8.0,0.0
146,5.0,1.0,5.0,3.0,3.0,7.0,63.0,0.0,0.0,82.51,0.18,5.2,17.0,70.0,4.43,417.0,95.0,-3.0
147,15.0,1.0,4.0,3.0,3.0,11.0,59.0,0.0,0.0,82.51,0.18,5.2,17.0,70.0,4.43,73.0,52.0,3.0
148,3.0,1.0,4.0,3.0,3.0,33.0,37.0,0.0,0.0,82.51,0.18,5.2,17.0,70.0,4.43,504.0,264.0,0.0
149,17.0,1.0,3.0,4.0,4.0,45.0,25.0,0.0,0.0,82.51,0.18,5.2,17.0,70.0,4.43,73.0,21.0,8.0
150,20.0,1.0,3.0,4.0,4.0,39.0,31.0,0.0,0.0,82.51,0.18,5.2,17.0,70.0,4.43,0.0,20.0,3.0
152,7.0,1.0,5.0,3.0,3.0,16.0,54.0,0.0,0.0,82.51,0.18,5.2,17.0,70.0,4.43,91.0,37.0,0.0
153,9.0,1.0,3.0,4.0,4.0,48.0,22.0,0.0,0.0,82.51,0.18,5.2,17.0,70.0,4.43,417.0,278.0,4.0
154,2.0,1.0,4.0,3.0,3.0,28.0,42.0,0.0,0.0,82.51,0.18,5.2,17.0,70.0,4.43,739.0,413.0,1.0
155,11.0,1.0,5.0,3.0,3.0,3.0,67.0,0.0,0.0,82.51,0.18,5.2,17.0,70.0,4.43,145.0,96.0,0.0
157,6.0,2.0,4.0,3.0,5.0,30.0,37.0,3.0,0.0,82.51,0.18,5.2,17.0,70.0,4.43,739.0,326.0,2.0
158,19.0,2.0,4.0,3.0,3.0,8.0,30.0,32.0,0.0,82.51,0.18,5.2,17.0,70.0,4.43,1.0,1.0,1.0
159,12.0,1.0,3.0,4.0,4.0,33.0,37.0,0.0,0.0,82.51,0.18,5.2,17.0,70.0,4.43,57.0,14.0,-1.0
160,7.0,1.0,4.0,2.0,2.0,18.0,38.0,0.0,0.0,66.04,0.45,7.4,16.0,56.0,5.451,91.0,54.0,0.0
161,15.0,3.0,3.0,2.0,3.0,1.0,16.0,0.0,1.0,66.04,0.45,7.4,16.0,56.0,5.451,145.0,49.0,-3.0
162,3.0,2.0,3.0,2.0,3.0,18.0,17.0,21.0,0.0,66.04,0.45,7.4,16.0,56.0,5.451,504.0,240.0,0.0
163,13.0,1.0,3.0,2.0,2.0,25.0,31.0,0.0,0.0,66.04,0.45,7.4,16.0,56.0,5.451,57.0,43.0,4.0
164,10.0,2.0,4.0,2.0,3.0,8.0,27.0,21.0,0.0,66.04,0.45,7.4,16.0,56.0,5.451,0.0,8.0,-1.0
166,12.0,1.0,3.0,2.0,2.0,20.0,36.0,0.0,0.0,66.04,0.45,7.4,16.0,56.0,5.451,73.0,52.0,4.0
167,4.0,2.0,3.0,2.0,3.0,22.0,20.0,14.0,0.0,66.04,0.45,7.4,16.0,56.0,5.451,504.0,264.0,-1.0
168,16.0,2.0,3.0,2.0,4.0,20.0,24.0,12.0,0.0,66.04,0.45,7.4,16.0,56.0,5.451,73.0,21.0,4.0
169,9.0,2.0,4.0,2.0,3.0,9.0,24.0,23.0,0.0,66.04,0.45,7.4,16.0,56.0,5.451,0.0,20.0,-4.0
170,20.0,1.0,4.0,2.0,2.0,19.0,37.0,0.0,0.0,66.04,0.45,7.4,16.0,56.0,5.451,85.0,92.0,10.0
175,1.0,2.0,3.0,2.0,3.0,21.0,15.0,20.0,0.0,66.04,0.45,7.4,16.0,56.0,5.451,739.0,326.0,-1.0
177,19.0,2.0,4.0,3.0,3.0,7.0,23.0,26.0,0.0,66.04,0.45,7.4,16.0,56.0,5.451,57.0,14.0,4.0
178,8.0,1.0,3.0,2.0,2.0,16.0,37.0,0.0,0.0,81.98,0.44,33.0,15.0,53.0,5.842,91.0,54.0,-3.0
179,5.0,1.0,3.0,2.0,2.0,18.0,35.0,0.0,0.0,81.98,0.44,33.0,15.0,53.0,5.842,145.0,49.0,-4.0
180,7.0,2.0,3.0,2.0,4.0,25.0,26.0,2.0,0.0,81.98,0.44,33.0,15.0,53.0,5.842,504.0,240.0,2.0
181,12.0,1.0,2.0,3.0,3.0,31.0,22.0,0.0,0.0,81.98,0.44,33.0,15.0,53.0,5.842,57.0,43.0,5.0
182,9.0,1.0,4.0,2.0,2.0,17.0,36.0,0.0,0.0,81.98,0.44,33.0,15.0,53.0,5.842,417.0,95.0,-1.0
183,14.0,1.0,3.0,2.0,2.0,18.0,35.0,0.0,0.0,81.98,0.44,33.0,15.0,53.0,5.842,73.0,52.0,2.0
185,17.0,1.0,2.0,3.0,3.0,39.0,14.0,0.0,0.0,81.98,0.44,33.0,15.0,53.0,5.842,73.0,21.0,4.0
186,15.0,1.0,3.0,2.0,2.0,16.0,37.0,0.0,0.0,81.98,0.44,33.0,15.0,53.0,5.842,0.0,20.0,-2.0
187,11.0,1.0,3.0,2.0,2.0,25.0,28.0,0.0,0.0,81.98,0.44,33.0,15.0,53.0,5.842,85.0,92.0,-4.0
188,19.0,1.0,2.0,3.0,3.0,32.0,21.0,0.0,0.0,81.98,0.44,33.0,15.0,53.0,5.842,85.0,37.0,5.0
189,13.0,1.0,2.0,3.0,3.0,34.0,19.0,0.0,0.0,81.98,0.44,33.0,15.0,53.0,5.842,91.0,37.0,5.0
191,1.0,1.0,3.0,2.0,2.0,24.0,29.0,0.0,0.0,81.98,0.44,33.0,15.0,53.0,5.842,739.0,413.0,0.0
193,20.0,2.0,3.0,2.0,3.0,25.0,8.0,20.0,0.0,81.98,0.44,33.0,15.0,53.0,5.842,1.0,0.0,1.0
194,2.0,1.0,3.0,2.0,2.0,23.0,30.0,0.0,0.0,81.98,0.44,33.0,15.0,53.0,5.842,739.0,326.0,0.0
196,10.0,2.0,4.0,2.0,3.0,7.0,27.0,19.0,0.0,81.98,0.44,33.0,15.0,53.0,5.842,57.0,14.0,-6.0
197,20.0,1.0,2.0,4.0,4.0,46.0,24.0,0.0,0.0,76.02,0.45,34.7,13.0,70.0,3.975,91.0,54.0,6.0
198,7.0,1.0,4.0,2.0,2.0,28.0,42.0,0.0,0.0,76.02,0.45,34.7,13.0,70.0,3.975,145.0,49.0,-2.0
199,5.0,1.0,3.0,4.0,4.0,39.0,31.0,0.0,0.0,76.02,0.45,34.7,13.0,70.0,3.975,504.0,240.0,2.0
200,10.0,1.0,4.0,3.0,3.0,29.0,41.0,0.0,0.0,76.02,0.45,34.7,13.0,70.0,3.975,57.0,43.0,3.0
202,16.0,1.0,3.0,2.0,2.0,18.0,52.0,0.0,0.0,76.02,0.45,34.7,13.0,70.0,3.975,73.0,52.0,5.0
203,4.0,1.0,3.0,2.0,2.0,27.0,43.0,0.0,0.0,76.02,0.45,34.7,13.0,70.0,3.975,504.0,264.0,0.0
204,18.0,2.0,3.0,2.0,4.0,16.0,34.0,20.0,0.0,76.02,0.45,34.7,13.0,70.0,3.975,73.0,21.0,1.0
205,14.0,1.0,3.0,4.0,4.0,38.0,32.0,0.0,0.0,76.02,0.45,34.7,13.0,70.0,3.975,0.0,20.0,1.0
206,12.0,1.0,3.0,2.0,2.0,28.0,42.0,0.0,0.0,76.02,0.45,34.7,13.0,70.0,3.975,85.0,92.0,2.0
207,13.0,1.0,3.0,2.0,2.0,21.0,49.0,0.0,0.0,76.02,0.45,34.7,13.0,70.0,3.975,85.0,37.0,-2.0
208,11.0,1.0,3.0,4.0,4.0,36.0,34.0,0.0,0.0,76.02,0.45,34.7,13.0,70.0,3.975,91.0,37.0,-1.0
211,8.0,1.0,4.0,2.0,2.0,29.0,41.0,0.0,0.0,76.02,0.45,34.7,13.0,70.0,3.975,145.0,96.0,3.0
212,15.0,1.0,3.0,2.0,2.0,16.0,54.0,0.0,0.0,76.02,0.45,34.7,13.0,70.0,3.975,1.0,0.0,-1.0
213,2.0,2.0,3.0,2.0,3.0,5.0,41.0,24.0,0.0,76.02,0.45,34.7,13.0,70.0,3.975,739.0,326.0,-6.0
214,19.0,1.0,3.0,2.0,2.0,18.0,52.0,0.0,0.0,76.02,0.45,34.7,13.0,70.0,3.975,1.0,1.0,0.0
216,5.0,1.0,4.0,3.0,3.0,30.0,23.0,0.0,1.0,66.84,0.57,12.8,11.0,59.0,5.793,91.0,54.0,1.0
217,16.0,1.0,3.0,2.0,2.0,23.0,30.0,0.0,0.0,66.84,0.57,12.8,11.0,59.0,5.793,145.0,49.0,6.0
218,4.0,3.0,4.0,2.0,2.0,6.0,6.0,0.0,0.0,66.84,0.57,12.8,11.0,59.0,5.793,504.0,240.0,-9.0
219,20.0,2.0,3.0,3.0,4.0,19.0,7.0,27.0,0.0,66.84,0.57,12.8,11.0,59.0,5.793,57.0,43.0,5.0
220,13.0,2.0,4.0,3.0,4.0,7.0,22.0,24.0,1.0,66.84,0.57,12.8,11.0,59.0,5.793,0.0,8.0,-3.0
221,17.0,1.0,3.0,4.0,4.0,28.0,25.0,0.0,0.0,66.84,0.57,12.8,11.0,59.0,5.793,85.0,95.0,6.0
222,18.0,1.0,3.0,4.0,4.0,28.0,25.0,0.0,0.0,66.84,0.57,12.8,11.0,59.0,5.793,73.0,52.0,11.0
223,1.0,1.0,4.0,2.0,2.0,20.0,33.0,0.0,0.0,66.84,0.57,12.8,11.0,59.0,5.793,504.0,264.0,0.0
224,9.0,2.0,4.0,4.0,3.0,15.0,7.0,31.0,0.0,66.84,0.57,12.8,11.0,59.0,5.793,73.0,21.0,-3.0
225,8.0,1.0,4.0,3.0,3.0,26.0,27.0,0.0,0.0,66.84,0.57,12.8,11.0,59.0,5.793,417.0,92.0,2.0
226,6.0,1.0,4.0,3.0,3.0,29.0,24.0,0.0,1.0,66.84,0.57,12.8,11.0,59.0,5.793,91.0,37.0,1.0
227,19.0,2.0,3.0,4.0,3.0,1.0,26.0,26.0,0.0,66.84,0.57,12.8,11.0,59.0,5.793,417.0,278.0,11.0
228,2.0,2.0,4.0,3.0,4.0,19.0,30.0,4.0,0.0,66.84,0.57,12.8,11.0,59.0,5.793,739.0,413.0,-1.0
229,14.0,1.0,3.0,2.0,2.0,23.0,30.0,0.0,0.0,66.84,0.57,12.8,11.0,59.0,5.793,1.0,0.0,0.0
230,3.0,1.0,4.0,3.0,3.0,27.0,26.0,0.0,0.0,66.84,0.57,12.8,11.0,59.0,5.793,739.0,326.0,1.0
231,15.0,2.0,3.0,4.0,3.0,29.0,15.0,9.0,1.0,66.84,0.57,12.8,11.0,59.0,5.793,1.0,1.0,-2.0
232,10.0,1.0,4.0,3.0,3.0,21.0,32.0,0.0,0.0,66.84,0.57,12.8,11.0,59.0,5.793,57.0,14.0,1.0
233,8.0,2.0,3.0,2.0,1.0,4.0,21.0,28.0,0.0,71.04,0.57,40.4,18.0,53.0,5.807,145.0,49.0,-3.0
234,1.0,2.0,3.0,3.0,2.0,16.0,15.0,22.0,0.0,71.04,0.57,40.4,18.0,53.0,5.807,504.0,240.0,-1.0
235,13.0,2.0,2.0,1.0,3.0,15.0,21.0,17.0,0.0,71.04,0.57,40.4,18.0,53.0,5.807,57.0,43.0,1.0
236,10.0,1.0,3.0,1.0,1.0,16.0,37.0,0.0,0.0,71.04,0.57,40.4,18.0,53.0,5.807,28.0,8.0,-3.0
238,17.0,2.0,3.0,2.0,3.0,19.0,22.0,12.0,0.0,71.04,0.57,40.4,18.0,53.0,5.807,73.0,52.0,9.0
239,2.0,3.0,3.0,2.0,3.0,3.0,22.0,0.0,0.0,71.04,0.57,40.4,18.0,53.0,5.807,504.0,264.0,-4.0
240,12.0,1.0,3.0,2.0,2.0,18.0,35.0,0.0,0.0,71.04,0.57,40.4,18.0,53.0,5.807,73.0,21.0,3.0
241,19.0,2.0,2.0,1.0,3.0,17.0,30.0,6.0,0.0,71.04,0.57,40.4,18.0,53.0,5.807,28.0,20.0,4.0
242,6.0,2.0,3.0,2.0,3.0,15.0,19.0,19.0,0.0,71.04,0.57,40.4,18.0,53.0,5.807,417.0,92.0,2.0
243,14.0,1.0,3.0,2.0,2.0,27.0,26.0,0.0,0.0,71.04,0.57,40.4,18.0,53.0,5.807,85.0,37.0,4.0
247,3.0,2.0,3.0,2.0,3.0,17.0,19.0,17.0,0.0,71.04,0.57,40.4,18.0,53.0,5.807,739.0,326.0,2.0
248,20.0,2.0,2.0,1.0,2.0,22.0,11.0,20.0,0.0,71.04,0.57,40.4,18.0,53.0,5.807,1.0,1.0,3.0
249,11.0,2.0,2.0,1.0,3.0,18.0,31.0,4.0,0.0,71.04,0.57,40.4,18.0,53.0,5.807,57.0,14.0,-3.0
250,13.0,1.0,2.0,3.0,3.0,50.0,21.0,0.0,0.0,73.73,0.47,2.8,17.0,71.0,4.304,91.0,54.0,5.0
251,2.0,1.0,3.0,2.0,2.0,37.0,34.0,0.0,0.0,73.73,0.47,2.8,17.0,71.0,4.304,504.0,240.0,0.0
253,10.0,2.0,4.0,2.0,3.0,9.0,40.0,22.0,0.0,73.73,0.47,2.8,17.0,71.0,4.304,85.0,95.0,1.0
254,11.0,1.0,3.0,2.0,2.0,20.0,51.0,0.0,0.0,73.73,0.47,2.8,17.0,71.0,4.304,73.0,52.0,4.0
255,1.0,2.0,3.0,3.0,2.0,15.0,28.0,28.0,0.0,73.73,0.47,2.8,17.0,71.0,4.304,504.0,264.0,-3.0
256,16.0,1.0,3.0,2.0,2.0,37.0,34.0,0.0,0.0,73.73,0.47,2.8,17.0,71.0,4.304,73.0,21.0,4.0
257,17.0,1.0,3.0,2.0,2.0,28.0,43.0,0.0,0.0,73.73,0.47,2.8,17.0,71.0,4.304,28.0,20.0,2.0
259,9.0,2.0,4.0,2.0,3.0,10.0,34.0,27.0,0.0,73.73,0.47,2.8,17.0,71.0,4.304,85.0,37.0,-2.0
260,12.0,1.0,3.0,2.0,2.0,18.0,53.0,0.0,0.0,73.73,0.47,2.8,17.0,71.0,4.304,91.0,37.0,2.0
261,4.0,1.0,3.0,2.0,2.0,5.0,66.0,0.0,0.0,73.73,0.47,2.8,17.0,71.0,4.304,417.0,278.0,-2.0
262,3.0,1.0,3.0,2.0,2.0,23.0,48.0,0.0,0.0,73.73,0.47,2.8,17.0,71.0,4.304,739.0,413.0,2.0
263,7.0,2.0,4.0,2.0,3.0,15.0,20.0,36.0,0.0,73.73,0.47,2.8,17.0,71.0,4.304,145.0,96.0,-6.0
264,19.0,1.0,3.0,2.0,2.0,22.0,49.0,0.0,0.0,73.73,0.47,2.8,17.0,71.0,4.304,1.0,0.0,3.0
265,6.0,1.0,3.0,2.0,2.0,36.0,35.0,0.0,0.0,73.73,0.47,2.8,17.0,71.0,4.304,739.0,326.0,3.0
266,20.0,2.0,3.0,2.0,3.0,21.0,39.0,11.0,0.0,73.73,0.47,2.8,17.0,71.0,4.304,1.0,1.0,2.0
267,15.0,1.0,3.0,2.0,2.0,21.0,50.0,0.0,0.0,73.73,0.47,2.8,17.0,71.0,4.304,57.0,14.0,1.0
268,6.0,1.0,5.0,4.0,4.0,11.0,67.0,0.0,1.0,69.35,0.68,42.0,19.0,78.0,3.337,91.0,54.0,-3.0
269,12.0,1.0,4.0,5.0,5.0,47.0,31.0,0.0,0.0,69.35,0.68,42.0,19.0,78.0,3.337,145.0,49.0,1.0
270,4.0,1.0,5.0,3.0,3.0,11.0,67.0,0.0,1.0,69.35,0.68,42.0,19.0,78.0,3.337,504.0,240.0,2.0
271,14.0,1.0,5.0,4.0,4.0,46.0,32.0,0.0,0.0,69.35,0.68,42.0,19.0,78.0,3.337,57.0,43.0,-3.0
272,13.0,1.0,5.0,4.0,4.0,50.0,28.0,0.0,0.0,69.35,0.68,42.0,19.0,78.0,3.337,0.0,8.0,3.0
273,8.0,2.0,5.0,4.0,5.0,27.0,35.0,16.0,0.0,69.35,0.68,42.0,19.0,78.0,3.337,417.0,95.0,3.0
274,16.0,1.0,4.0,3.0,3.0,11.0,67.0,0.0,1.0,69.35,0.68,42.0,19.0,78.0,3.337,73.0,52.0,4.0
275,17.0,1.0,4.0,3.0,3.0,39.0,39.0,0.0,0.0,69.35,0.68,42.0,19.0,78.0,3.337,73.0,21.0,1.0
276,5.0,1.0,5.0,4.0,4.0,11.0,67.0,0.0,1.0,69.35,0.68,42.0,19.0,78.0,3.337,0.0,20.0,-9.0
277,10.0,1.0,5.0,4.0,4.0,40.0,38.0,0.0,0.0,69.35,0.68,42.0,19.0,78.0,3.337,85.0,92.0,2.0
278,7.0,1.0,5.0,4.0,4.0,32.0,46.0,0.0,0.0,69.35,0.68,42.0,19.0,78.0,3.337,85.0,37.0,0.0
279,11.0,1.0,4.0,3.0,3.0,9.0,69.0,0.0,0.0,69.35,0.68,42.0,19.0,78.0,3.337,91.0,37.0,-2.0
280,3.0,1.0,5.0,3.0,3.0,11.0,67.0,0.0,1.0,69.35,0.68,42.0,19.0,78.0,3.337,417.0,278.0,-1.0
281,1.0,1.0,5.0,4.0,4.0,11.0,67.0,0.0,1.0,69.35,0.68,42.0,19.0,78.0,3.337,739.0,413.0,0.0
282,9.0,1.0,5.0,4.0,4.0,30.0,48.0,0.0,0.0,69.35,0.68,42.0,19.0,78.0,3.337,145.0,96.0,3.0
283,19.0,1.0,5.0,4.0,4.0,10.0,68.0,0.0,0.0,69.35,0.68,42.0,19.0,78.0,3.337,1.0,0.0,4.0
284,2.0,2.0,5.0,4.0,3.0,11.0,1.0,66.0,2.0,69.35,0.68,42.0,19.0,78.0,3.337,739.0,326.0,-1.0
286,18.0,1.0,5.0,4.0,4.0,44.0,34.0,0.0,0.0,69.35,0.68,42.0,19.0,78.0,3.337,57.0,14.0,-1.0
289,16.0,1.0,3.0,4.0,4.0,26.0,27.0,0.0,0.0,71.79,0.65,1.9,18.0,53.0,5.848,85.0,95.0,2.0
290,11.0,1.0,4.0,3.0,3.0,23.0,30.0,0.0,0.0,71.79,0.65,1.9,18.0,53.0,5.848,73.0,52.0,4.0
291,1.0,2.0,4.0,3.0,4.0,22.0,8.0,23.0,1.0,71.79,0.65,1.9,18.0,53.0,5.848,504.0,264.0,-2.0
292,14.0,1.0,3.0,4.0,4.0,27.0,26.0,0.0,0.0,71.79,0.65,1.9,18.0,53.0,5.848,73.0,21.0,3.0
293,13.0,1.0,4.0,3.0,3.0,27.0,26.0,0.0,0.0,71.79,0.65,1.9,18.0,53.0,5.848,28.0,20.0,4.0
294,20.0,1.0,3.0,4.0,4.0,29.0,24.0,0.0,1.0,71.79,0.65,1.9,18.0,53.0,5.848,417.0,92.0,15.0
295,19.0,2.0,2.0,4.0,4.0,27.0,2.0,24.0,1.0,71.79,0.65,1.9,18.0,53.0,5.848,85.0,37.0,7.0
296,6.0,2.0,4.0,3.0,4.0,16.0,13.0,24.0,1.0,71.79,0.65,1.9,18.0,53.0,5.848,91.0,37.0,-4.0
297,9.0,1.0,4.0,3.0,3.0,28.0,25.0,0.0,1.0,71.79,0.65,1.9,18.0,53.0,5.848,417.0,278.0,5.0
299,5.0,1.0,4.0,3.0,3.0,21.0,32.0,0.0,0.0,71.79,0.65,1.9,18.0,53.0,5.848,145.0,96.0,-1.0
300,4.0,1.0,3.0,4.0,4.0,28.0,25.0,0.0,1.0,71.79,0.65,1.9,18.0,53.0,5.848,739.0,326.0,2.0
301,12.0,2.0,4.0,2.0,3.0,2.0,25.0,26.0,1.0,71.79,0.65,1.9,18.0,53.0,5.848,57.0,14.0,-3.0
302,20.0,1.0,4.0,3.0,3.0,34.0,27.0,0.0,0.0,85.56,0.7,5.3,23.0,61.0,5.065,91.0,54.0,6.0
303,9.0,1.0,5.0,3.0,3.0,20.0,41.0,0.0,0.0,85.56,0.7,5.3,23.0,61.0,5.065,145.0,49.0,2.0
304,3.0,1.0,5.0,3.0,3.0,19.0,42.0,0.0,0.0,85.56,0.7,5.3,23.0,61.0,5.065,504.0,240.0,2.0
305,17.0,2.0,4.0,3.0,5.0,23.0,12.0,26.0,0.0,85.56,0.7,5.3,23.0,61.0,5.065,28.0,8.0,6.0
306,11.0,1.0,3.0,4.0,4.0,32.0,29.0,0.0,0.0,85.56,0.7,5.3,23.0,61.0,5.065,85.0,95.0,3.0
307,1.0,1.0,5.0,3.0,3.0,20.0,41.0,0.0,0.0,85.56,0.7,5.3,23.0,61.0,5.065,504.0,264.0,-1.0
308,16.0,3.0,4.0,3.0,5.0,31.0,10.0,0.0,1.0,85.56,0.7,5.3,23.0,61.0,5.065,73.0,21.0,3.0
309,13.0,2.0,4.0,3.0,5.0,18.0,38.0,5.0,0.0,85.56,0.7,5.3,23.0,61.0,5.065,28.0,20.0,-4.0
310,6.0,1.0,5.0,3.0,3.0,20.0,41.0,0.0,0.0,85.56,0.7,5.3,23.0,61.0,5.065,417.0,92.0,0.0
311,14.0,2.0,4.0,3.0,5.0,12.0,24.0,25.0,1.0,85.56,0.7,5.3,23.0,61.0,5.065,85.0,37.0,-1.0
312,8.0,2.0,5.0,3.0,4.0,1.0,35.0,25.0,1.0,85.56,0.7,5.3,23.0,61.0,5.065,91.0,37.0,-1.0
313,4.0,1.0,5.0,3.0,3.0,19.0,42.0,0.0,0.0,85.56,0.7,5.3,23.0,61.0,5.065,417.0,278.0,1.0
314,2.0,1.0,5.0,3.0,3.0,26.0,35.0,0.0,0.0,85.56,0.7,5.3,23.0,61.0,5.065,739.0,413.0,-2.0
315,7.0,2.0,5.0,3.0,4.0,1.0,34.0,26.0,0.0,85.56,0.7,5.3,23.0,61.0,5.065,145.0,96.0,-5.0
316,5.0,1.0,5.0,3.0,3.0,22.0,39.0,0.0,0.0,85.56,0.7,5.3,23.0,61.0,5.065,739.0,326.0,0.0
317,19.0,2.0,4.0,3.0,4.0,21.0,23.0,17.0,1.0,85.56,0.7,5.3,23.0,61.0,5.065,1.0,1.0,3.0
320,3.0,2.0,3.0,2.0,2.0,19.0,21.0,26.0,0.0,69.31,0.5,29.6,16.0,66.0,4.655,504.0,240.0,-1.0
322,7.0,2.0,3.0,2.0,3.0,26.0,20.0,20.0,1.0,69.31,0.5,29.6,16.0,66.0,4.655,0.0,8.0,-3.0
325,5.0,2.0,3.0,1.0,2.0,25.0,21.0,20.0,1.0,69.31,0.5,29.6,16.0,66.0,4.655,504.0,264.0,0.0
328,9.0,2.0,3.0,2.0,2.0,21.0,24.0,21.0,0.0,69.31,0.5,29.6,16.0,66.0,4.655,85.0,37.0,0.0
329,20.0,1.0,2.0,3.0,3.0,35.0,31.0,0.0,0.0,69.31,0.5,29.6,16.0,66.0,4.655,91.0,37.0,7.0
330,4.0,2.0,3.0,3.0,2.0,20.0,23.0,23.0,0.0,69.31,0.5,29.6,16.0,66.0,4.655,417.0,278.0,1.0
331,2.0,2.0,3.0,2.0,3.0,27.0,19.0,20.0,1.0,69.31,0.5,29.6,16.0,66.0,4.655,739.0,413.0,1.0
332,12.0,2.0,3.0,2.0,3.0,24.0,22.0,20.0,1.0,69.31,0.5,29.6,16.0,66.0,4.655,145.0,96.0,4.0
335,17.0,2.0,2.0,3.0,2.0,31.0,13.0,22.0,0.0,69.31,0.5,29.6,16.0,66.0,4.655,1.0,1.0,-1.0
336,18.0,2.0,3.0,1.0,3.0,6.0,35.0,25.0,0.0,69.31,0.5,29.6,16.0,66.0,4.655,57.0,14.0,2.0
337,9.0,1.0,4.0,2.0,2.0,21.0,35.0,0.0,0.0,69.97,0.26,30.9,20.0,56.0,5.513,91.0,54.0,3.0
339,17.0,2.0,4.0,2.0,4.0,18.0,22.0,16.0,0.0,69.97,0.26,30.9,20.0,56.0,5.513,57.0,43.0,6.0
341,10.0,2.0,4.0,2.0,4.0,19.0,34.0,3.0,0.0,69.97,0.26,30.9,20.0,56.0,5.513,85.0,95.0,-6.0
342,20.0,1.0,3.0,2.0,2.0,24.0,32.0,0.0,0.0,69.97,0.26,30.9,20.0,56.0,5.513,73.0,52.0,10.0
344,14.0,2.0,3.0,2.0,4.0,9.0,20.0,27.0,0.0,69.97,0.26,30.9,20.0,56.0,5.513,73.0,21.0,1.0
345,12.0,2.0,3.0,2.0,4.0,18.0,22.0,16.0,0.0,69.97,0.26,30.9,20.0,56.0,5.513,28.0,20.0,-6.0
348,11.0,2.0,2.0,3.0,4.0,27.0,12.0,17.0,0.0,69.97,0.26,30.9,20.0,56.0,5.513,91.0,37.0,2.0
350,5.0,1.0,3.0,2.0,2.0,24.0,32.0,0.0,0.0,69.97,0.26,30.9,20.0,56.0,5.513,739.0,413.0,3.0
351,7.0,1.0,4.0,2.0,2.0,18.0,38.0,0.0,0.0,69.97,0.26,30.9,20.0,56.0,5.513,145.0,96.0,-1.0
354,16.0,2.0,3.0,2.0,4.0,17.0,22.0,17.0,0.0,69.97,0.26,30.9,20.0,56.0,5.513,57.0,14.0,2.0
355,18.0,1.0,3.0,4.0,4.0,35.0,19.0,0.0,0.0,90.49,0.38,10.7,21.0,55.0,5.554,62.0,12.0,4.0
357,3.0,1.0,4.0,3.0,3.0,15.0,40.0,0.0,0.0,90.49,0.38,10.7,21.0,55.0,5.554,571.0,320.0,1.0
358,7.0,1.0,5.0,3.0,3.0,7.0,47.0,0.0,1.0,90.49,0.38,10.7,21.0,55.0,5.554,93.0,37.0,-2.0
359,14.0,1.0,4.0,3.0,3.0,26.0,29.0,0.0,0.0,90.49,0.38,10.7,21.0,55.0,5.554,0.0,62.0,6.0
360,15.0,1.0,4.0,3.0,3.0,27.0,27.0,0.0,0.0,90.49,0.38,10.7,21.0,55.0,5.554,62.0,50.0,4.0
361,8.0,1.0,5.0,3.0,3.0,7.0,48.0,0.0,1.0,90.49,0.38,10.7,21.0,55.0,5.554,48.0,39.0,1.0
362,20.0,1.0,3.0,4.0,4.0,40.0,14.0,0.0,0.0,90.49,0.38,10.7,21.0,55.0,5.554,7.0,6.0,7.0
363,13.0,1.0,3.0,4.0,4.0,41.0,13.0,0.0,0.0,90.49,0.38,10.7,21.0,55.0,5.554,93.0,56.0,3.0
364,16.0,1.0,4.0,3.0,3.0,1.0,53.0,0.0,1.0,90.49,0.38,10.7,21.0,55.0,5.554,33.0,4.0,4.0
365,6.0,1.0,5.0,3.0,3.0,17.0,38.0,0.0,0.0,90.49,0.38,10.7,21.0,55.0,5.554,419.0,249.0,3.0
366,19.0,1.0,3.0,4.0,4.0,35.0,19.0,0.0,0.0,90.49,0.38,10.7,21.0,55.0,5.554,7.0,1.0,4.0
367,1.0,1.0,4.0,3.0,3.0,7.0,48.0,0.0,1.0,90.49,0.38,10.7,21.0,55.0,5.554,655.0,408.0,0.0
368,11.0,1.0,4.0,3.0,3.0,37.0,18.0,0.0,0.0,90.49,0.38,10.7,21.0,55.0,5.554,122.0,53.0,5.0
369,2.0,2.0,4.0,3.0,4.0,16.0,24.0,15.0,0.0,90.49,0.38,10.7,21.0,55.0,5.554,655.0,247.0,-3.0
370,11.0,1.0,4.0,3.0,3.0,25.0,33.0,0.0,1.0,75.07,0.35,2.6,16.0,58.0,5.303,62.0,12.0,2.0
371,8.0,1.0,3.0,2.0,2.0,26.0,32.0,0.0,1.0,75.07,0.35,2.6,16.0,58.0,5.303,419.0,170.0,4.0
372,3.0,1.0,4.0,2.0,2.0,26.0,32.0,0.0,1.0,75.07,0.35,2.6,16.0,58.0,5.303,571.0,320.0,2.0
373,2.0,1.0,4.0,2.0,2.0,18.0,40.0,0.0,0.0,75.07,0.35,2.6,16.0,58.0,5.303,571.0,251.0,-1.0
374,12.0,1.0,4.0,2.0,2.0,24.0,34.0,0.0,0.0,75.07,0.35,2.6,16.0,58.0,5.303,52.0,62.0,1.0
375,10.0,1.0,4.0,2.0,2.0,26.0,32.0,0.0,1.0,75.07,0.35,2.6,16.0,58.0,5.303,62.0,50.0,5.0
376,18.0,2.0,3.0,2.0,4.0,20.0,7.0,31.0,1.0,75.07,0.35,2.6,16.0,58.0,5.303,48.0,39.0,5.0
377,13.0,2.0,3.0,2.0,4.0,25.0,4.0,29.0,1.0,75.07,0.35,2.6,16.0,58.0,5.303,7.0,6.0,-1.0
379,16.0,2.0,3.0,2.0,4.0,1.0,21.0,35.0,0.0,75.07,0.35,2.6,16.0,58.0,5.303,33.0,4.0,1.0
380,14.0,1.0,4.0,2.0,2.0,23.0,35.0,0.0,0.0,75.07,0.35,2.6,16.0,58.0,5.303,52.0,49.0,2.0
381,4.0,1.0,3.0,2.0,2.0,21.0,37.0,0.0,0.0,75.07,0.35,2.6,16.0,58.0,5.303,419.0,249.0,-2.0
382,1.0,1.0,4.0,2.0,2.0,19.0,39.0,0.0,0.0,75.07,0.35,2.6,16.0,58.0,5.303,655.0,408.0,-1.0
383,9.0,1.0,4.0,2.0,2.0,22.0,36.0,0.0,0.0,75.07,0.35,2.6,16.0,58.0,5.303,122.0,53.0,-1.0
384,15.0,1.0,4.0,3.0,3.0,25.0,33.0,0.0,1.0,75.07,0.35,2.6,16.0,58.0,5.303,655.0,247.0,7.0
385,14.0,2.0,3.0,2.0,2.0,1.0,39.0,25.0,0.0,71.62,0.46,63.5,8.0,71.0,4.318,62.0,12.0,-1.0
386,7.0,1.0,4.0,2.0,2.0,15.0,56.0,0.0,1.0,71.62,0.46,63.5,8.0,71.0,4.318,571.0,320.0,4.0
387,4.0,1.0,4.0,2.0,2.0,15.0,56.0,0.0,1.0,71.62,0.46,63.5,8.0,71.0,4.318,571.0,251.0,2.0
388,7.0,1.0,4.0,2.0,2.0,15.0,55.0,0.0,1.0,71.62,0.46,63.5,8.0,71.0,4.318,93.0,37.0,3.0
389,16.0,1.0,2.0,3.0,3.0,45.0,25.0,0.0,0.0,71.62,0.46,63.5,8.0,71.0,4.318,48.0,9.0,6.0
390,15.0,1.0,3.0,2.0,2.0,15.0,55.0,0.0,1.0,71.62,0.46,63.5,8.0,71.0,4.318,33.0,29.0,4.0
391,12.0,1.0,3.0,2.0,2.0,27.0,43.0,0.0,0.0,71.62,0.46,63.5,8.0,71.0,4.318,52.0,62.0,5.0
392,19.0,1.0,3.0,2.0,2.0,15.0,55.0,0.0,1.0,71.62,0.46,63.5,8.0,71.0,4.318,62.0,50.0,11.0
393,18.0,1.0,3.0,2.0,2.0,15.0,55.0,0.0,1.0,71.62,0.46,63.5,8.0,71.0,4.318,48.0,39.0,9.0
395,8.0,1.0,4.0,2.0,2.0,28.0,42.0,0.0,0.0,71.62,0.46,63.5,8.0,71.0,4.318,93.0,56.0,3.0
396,8.0,1.0,3.0,2.0,2.0,15.0,55.0,0.0,1.0,71.62,0.46,63.5,8.0,71.0,4.318,52.0,49.0,2.0
398,11.0,2.0,3.0,2.0,4.0,24.0,36.0,9.0,0.0,71.62,0.46,63.5,8.0,71.0,4.318,7.0,1.0,-2.0
399,10.0,2.0,4.0,2.0,3.0,15.0,19.0,36.0,1.0,71.62,0.46,63.5,8.0,71.0,4.318,122.0,53.0,-2.0
400,1.0,2.0,3.0,2.0,4.0,30.0,10.0,11.0,1.0,59.31,0.59,26.8,20.0,51.0,6.003,571.0,320.0,-3.0
401,6.0,2.0,4.0,2.0,4.0,1.0,39.0,11.0,2.0,59.31,0.59,26.8,20.0,51.0,6.003,571.0,251.0,4.0
402,17.0,2.0,4.0,2.0,4.0,12.0,27.0,12.0,0.0,59.31,0.59,26.8,20.0,51.0,6.003,33.0,29.0,5.0
403,8.0,2.0,4.0,2.0,3.0,2.0,38.0,11.0,2.0,59.31,0.59,26.8,20.0,51.0,6.003,52.0,62.0,5.0
404,12.0,2.0,3.0,2.0,4.0,1.0,39.0,11.0,2.0,59.31,0.59,26.8,20.0,51.0,6.003,62.0,50.0,5.0
405,13.0,2.0,3.0,2.0,4.0,24.0,16.0,11.0,1.0,59.31,0.59,26.8,20.0,51.0,6.003,48.0,39.0,7.0
406,10.0,2.0,3.0,2.0,4.0,23.0,17.0,11.0,1.0,59.31,0.59,26.8,20.0,51.0,6.003,7.0,6.0,2.0
409,9.0,2.0,4.0,2.0,4.0,15.0,25.0,11.0,1.0,59.31,0.59,26.8,20.0,51.0,6.003,122.0,53.0,4.0
410,3.0,1.0,3.0,4.0,4.0,40.0,8.0,0.0,1.0,59.31,0.59,26.8,20.0,51.0,6.003,655.0,247.0,-11.0
411,14.0,2.0,3.0,2.0,1.0,10.0,18.0,28.0,0.0,80.0,0.58,16.9,15.0,57.0,5.412,62.0,12.0,6.0
412,1.0,1.0,3.0,2.0,2.0,18.0,39.0,0.0,0.0,80.0,0.58,16.9,15.0,57.0,5.412,571.0,320.0,0.0
413,17.0,1.0,2.0,1.0,1.0,23.0,33.0,0.0,0.0,80.0,0.58,16.9,15.0,57.0,5.412,48.0,9.0,8.0
414,5.0,2.0,3.0,2.0,3.0,15.0,19.0,23.0,0.0,80.0,0.58,16.9,15.0,57.0,5.412,33.0,29.0,1.0
415,12.0,2.0,2.0,1.0,3.0,9.0,23.0,24.0,0.0,80.0,0.58,16.9,15.0,57.0,5.412,52.0,62.0,-4.0
416,13.0,2.0,2.0,1.0,3.0,14.0,25.0,17.0,0.0,80.0,0.58,16.9,15.0,57.0,5.412,62.0,50.0,6.0
417,19.0,2.0,2.0,1.0,3.0,3.0,31.0,22.0,1.0,80.0,0.58,16.9,15.0,57.0,5.412,48.0,39.0,7.0
418,20.0,2.0,2.0,3.0,1.0,10.0,20.0,26.0,0.0,80.0,0.58,16.9,15.0,57.0,5.412,7.0,6.0,6.0
419,6.0,2.0,3.0,3.0,2.0,13.0,14.0,30.0,0.0,80.0,0.58,16.9,15.0,57.0,5.412,93.0,56.0,1.0
420,7.0,2.0,3.0,2.0,3.0,15.0,24.0,18.0,0.0,80.0,0.58,16.9,15.0,57.0,5.412,122.0,69.0,1.0
421,11.0,2.0,3.0,2.0,3.0,20.0,22.0,14.0,0.0,80.0,0.58,16.9,15.0,57.0,5.412,33.0,4.0,-6.0
422,8.0,2.0,3.0,1.0,2.0,15.0,20.0,21.0,0.0,80.0,0.58,16.9,15.0,57.0,5.412,52.0,49.0,-2.0
423,18.0,2.0,2.0,1.0,3.0,22.0,18.0,16.0,0.0,80.0,0.58,16.9,15.0,57.0,5.412,7.0,1.0,3.0
424,9.0,1.0,2.0,1.0,1.0,26.0,31.0,0.0,0.0,80.0,0.58,16.9,15.0,57.0,5.412,655.0,408.0,6.0
426,3.0,1.0,3.0,1.0,1.0,20.0,37.0,0.0,0.0,80.0,0.58,16.9,15.0,57.0,5.412,655.0,247.0,1.0
427,20.0,3.0,2.0,1.0,3.0,2.0,26.0,15.0,2.0,60.87,0.44,102.2,19.0,44.0,7.004,62.0,12.0,5.0
428,2.0,2.0,3.0,2.0,2.0,22.0,22.0,0.0,1.0,60.87,0.44,102.2,19.0,44.0,7.004,571.0,320.0,1.0
429,5.0,2.0,3.0,2.0,2.0,23.0,21.0,0.0,1.0,60.87,0.44,102.2,19.0,44.0,7.004,93.0,37.0,-2.0
430,13.0,2.0,2.0,3.0,3.0,26.0,17.0,0.0,1.0,60.87,0.44,102.2,19.0,44.0,7.004,48.0,9.0,3.0
431,10.0,2.0,3.0,2.0,2.0,25.0,19.0,0.0,1.0,60.87,0.44,102.2,19.0,44.0,7.004,33.0,29.0,1.0
432,4.0,2.0,3.0,2.0,2.0,25.0,19.0,0.0,1.0,60.87,0.44,102.2,19.0,44.0,7.004,0.0,62.0,-1.0
433,16.0,2.0,2.0,3.0,3.0,23.0,20.0,0.0,1.0,60.87,0.44,102.2,19.0,44.0,7.004,7.0,6.0,3.0
434,9.0,2.0,3.0,2.0,2.0,26.0,18.0,0.0,1.0,60.87,0.44,102.2,19.0,44.0,7.004,93.0,56.0,1.0
435,11.0,2.0,2.0,3.0,3.0,31.0,12.0,0.0,1.0,60.87,0.44,102.2,19.0,44.0,7.004,33.0,4.0,-3.0
436,3.0,2.0,3.0,2.0,2.0,24.0,20.0,0.0,1.0,60.87,0.44,102.2,19.0,44.0,7.004,0.0,49.0,-3.0
437,7.0,2.0,3.0,2.0,2.0,26.0,18.0,0.0,1.0,60.87,0.44,102.2,19.0,44.0,7.004,419.0,249.0,4.0
438,15.0,2.0,3.0,2.0,2.0,25.0,19.0,0.0,1.0,60.87,0.44,102.2,19.0,44.0,7.004,7.0,1.0,3.0
439,1.0,2.0,3.0,2.0,2.0,21.0,23.0,0.0,1.0,60.87,0.44,102.2,19.0,44.0,7.004,655.0,408.0,-1.0
440,19.0,2.0,1.0,3.0,3.0,22.0,21.0,0.0,1.0,60.87,0.44,102.2,19.0,44.0,7.004,122.0,53.0,8.0
441,17.0,3.0,2.0,3.0,2.0,2.0,27.0,15.0,2.0,60.87,0.44,102.2,19.0,44.0,7.004,655.0,247.0,13.0
442,20.0,1.0,2.0,1.0,1.0,28.0,42.0,0.0,0.0,76.98,0.7,43.0,15.0,71.0,4.309,62.0,12.0,5.0
443,10.0,1.0,3.0,2.0,2.0,39.0,32.0,0.0,0.0,76.98,0.7,43.0,15.0,71.0,4.309,419.0,170.0,6.0
444,3.0,2.0,2.0,1.0,3.0,27.0,26.0,18.0,0.0,76.98,0.7,43.0,15.0,71.0,4.309,571.0,320.0,-3.0
445,5.0,1.0,2.0,1.0,1.0,31.0,40.0,0.0,0.0,76.98,0.7,43.0,15.0,71.0,4.309,571.0,251.0,2.0
447,9.0,1.0,3.0,1.0,1.0,22.0,48.0,0.0,0.0,76.98,0.7,43.0,15.0,71.0,4.309,33.0,29.0,-4.0
448,12.0,1.0,3.0,2.0,2.0,39.0,31.0,0.0,0.0,76.98,0.7,43.0,15.0,71.0,4.309,0.0,62.0,2.0
449,15.0,2.0,2.0,1.0,3.0,15.0,39.0,15.0,0.0,76.98,0.7,43.0,15.0,71.0,4.309,62.0,50.0,-2.0
450,7.0,1.0,3.0,1.0,1.0,35.0,36.0,0.0,0.0,76.98,0.7,43.0,15.0,71.0,4.309,48.0,39.0,0.0
452,10.0,1.0,2.0,3.0,3.0,41.0,30.0,0.0,0.0,76.98,0.7,43.0,15.0,71.0,4.309,93.0,56.0,1.0
453,17.0,1.0,1.0,3.0,3.0,49.0,21.0,0.0,0.0,76.98,0.7,43.0,15.0,71.0,4.309,33.0,4.0,6.0
456,19.0,1.0,2.0,1.0,1.0,16.0,53.0,0.0,0.0,76.98,0.7,43.0,15.0,71.0,4.309,7.0,1.0,3.0
457,1.0,1.0,3.0,1.0,1.0,19.0,52.0,0.0,0.0,76.98,0.7,43.0,15.0,71.0,4.309,655.0,408.0,0.0
459,9.0,2.0,3.0,1.0,2.0,18.0,41.0,12.0,0.0,76.98,0.7,43.0,15.0,71.0,4.309,655.0,247.0,4.0
460,17.0,2.0,2.0,1.0,2.0,21.0,12.0,19.0,1.0,81.4,0.41,11.3,18.0,52.0,5.891,62.0,12.0,6.0
461,6.0,2.0,2.0,1.0,2.0,18.0,12.0,22.0,0.0,81.4,0.41,11.3,18.0,52.0,5.891,419.0,170.0,1.0
462,2.0,2.0,2.0,1.0,2.0,20.0,13.0,19.0,1.0,81.4,0.41,11.3,18.0,52.0,5.891,571.0,320.0,1.0
465,12.0,2.0,2.0,1.0,2.0,13.0,19.0,20.0,1.0,81.4,0.41,11.3,18.0,52.0,5.891,52.0,62.0,2.0
466,13.0,2.0,2.0,1.0,2.0,13.0,19.0,20.0,1.0,81.4,0.41,11.3,18.0,52.0,5.891,62.0,50.0,5.0
467,19.0,1.0,1.0,2.0,2.0,30.0,22.0,0.0,0.0,81.4,0.41,11.3,18.0,52.0,5.891,7.0,6.0,7.0
468,7.0,1.0,2.0,1.0,1.0,25.0,27.0,0.0,0.0,81.4,0.41,11.3,18.0,52.0,5.891,93.0,56.0,-2.0
469,11.0,1.0,1.0,5.0,5.0,20.0,32.0,0.0,0.0,81.4,0.41,11.3,18.0,52.0,5.891,122.0,69.0,5.0
470,10.0,1.0,2.0,1.0,1.0,19.0,33.0,0.0,0.0,81.4,0.41,11.3,18.0,52.0,5.891,52.0,49.0,3.0
471,5.0,2.0,2.0,1.0,2.0,17.0,16.0,13.0,1.0,81.4,0.41,11.3,18.0,52.0,5.891,419.0,249.0,-10.0
472,18.0,1.0,2.0,1.0,1.0,21.0,31.0,0.0,0.0,81.4,0.41,11.3,18.0,52.0,5.891,7.0,1.0,4.0
474,4.0,1.0,2.0,1.0,1.0,21.0,31.0,0.0,0.0,81.4,0.41,11.3,18.0,52.0,5.891,655.0,247.0,0.0
476,6.0,1.0,5.0,3.0,3.0,17.0,51.0,0.0,0.0,66.27,0.34,5.2,17.0,70.0,4.43,419.0,170.0,2.0
478,5.0,1.0,4.0,3.0,3.0,32.0,36.0,0.0,0.0,66.27,0.34,5.2,17.0,70.0,4.43,571.0,251.0,-1.0
479,20.0,1.0,4.0,3.0,3.0,48.0,19.0,0.0,0.0,66.27,0.34,5.2,17.0,70.0,4.43,93.0,37.0,8.0
480,18.0,1.0,4.0,3.0,3.0,1.0,65.0,0.0,1.0,66.27,0.34,5.2,17.0,70.0,4.43,48.0,9.0,3.0
481,19.0,1.0,5.0,3.0,3.0,23.0,44.0,0.0,0.0,66.27,0.34,5.2,17.0,70.0,4.43,33.0,29.0,8.0
482,10.0,2.0,5.0,3.0,3.0,9.0,35.0,23.0,0.0,66.27,0.34,5.2,17.0,70.0,4.43,52.0,62.0,-4.0
483,13.0,1.0,5.0,3.0,3.0,19.0,48.0,0.0,0.0,66.27,0.34,5.2,17.0,70.0,4.43,48.0,39.0,3.0
484,11.0,1.0,4.0,3.0,3.0,22.0,45.0,0.0,0.0,66.27,0.34,5.2,17.0,70.0,4.43,93.0,56.0,-2.0
486,8.0,1.0,5.0,3.0,3.0,11.0,56.0,0.0,0.0,66.27,0.34,5.2,17.0,70.0,4.43,52.0,49.0,-1.0
488,17.0,1.0,3.0,4.0,4.0,26.0,40.0,0.0,0.0,66.27,0.34,5.2,17.0,70.0,4.43,7.0,1.0,0.0
489,4.0,1.0,4.0,3.0,3.0,16.0,52.0,0.0,0.0,66.27,0.34,5.2,17.0,70.0,4.43,655.0,408.0,-1.0
493,6.0,2.0,4.0,1.0,2.0,17.0,14.0,25.0,1.0,67.44,0.29,7.4,16.0,56.0,5.451,419.0,170.0,5.0
494,1.0,1.0,2.0,1.0,1.0,20.0,36.0,0.0,0.0,67.44,0.29,7.4,16.0,56.0,5.451,571.0,320.0,-7.0
495,2.0,1.0,2.0,1.0,1.0,27.0,29.0,0.0,0.0,67.44,0.29,7.4,16.0,56.0,5.451,571.0,251.0,-1.0
496,10.0,2.0,4.0,1.0,4.0,16.0,30.0,10.0,0.0,67.44,0.29,7.4,16.0,56.0,5.451,93.0,37.0,-7.0
497,20.0,1.0,2.0,1.0,1.0,29.0,27.0,0.0,0.0,67.44,0.29,7.4,16.0,56.0,5.451,48.0,9.0,4.0
498,17.0,2.0,1.0,2.0,4.0,20.0,11.0,25.0,1.0,67.44,0.29,7.4,16.0,56.0,5.451,33.0,29.0,-1.0
499,8.0,2.0,4.0,2.0,2.0,12.0,20.0,24.0,1.0,67.44,0.29,7.4,16.0,56.0,5.451,52.0,62.0,-4.0
500,13.0,1.0,2.0,1.0,1.0,29.0,27.0,0.0,0.0,67.44,0.29,7.4,16.0,56.0,5.451,62.0,50.0,6.0
501,19.0,1.0,2.0,1.0,1.0,21.0,35.0,0.0,0.0,67.44,0.29,7.4,16.0,56.0,5.451,48.0,39.0,0.0
502,18.0,1.0,2.0,1.0,1.0,23.0,33.0,0.0,0.0,67.44,0.29,7.4,16.0,56.0,5.451,7.0,6.0,4.0
503,11.0,1.0,2.0,1.0,1.0,24.0,32.0,0.0,0.0,67.44,0.29,7.4,16.0,56.0,5.451,93.0,56.0,1.0
504,7.0,2.0,4.0,1.0,2.0,13.0,18.0,25.0,1.0,67.44,0.29,7.4,16.0,56.0,5.451,122.0,69.0,1.0
505,15.0,2.0,2.0,1.0,1.0,10.0,20.0,21.0,0.0,67.44,0.29,7.4,16.0,56.0,5.451,33.0,4.0,-5.0
507,5.0,2.0,4.0,1.0,2.0,17.0,14.0,25.0,1.0,67.44,0.29,7.4,16.0,56.0,5.451,419.0,249.0,0.0
509,4.0,1.0,2.0,1.0,1.0,18.0,38.0,0.0,0.0,67.44,0.29,7.4,16.0,56.0,5.451,655.0,408.0,0.0
510,9.0,2.0,4.0,1.0,2.0,12.0,19.0,25.0,1.0,67.44,0.29,7.4,16.0,56.0,5.451,122.0,53.0,0.0
511,3.0,1.0,2.0,1.0,1.0,19.0,37.0,0.0,0.0,67.44,0.29,7.4,16.0,56.0,5.451,655.0,247.0,1.0
512,17.0,1.0,3.0,4.0,4.0,40.0,12.0,0.0,0.0,76.89,0.47,33.0,15.0,53.0,5.842,62.0,12.0,5.0
514,3.0,2.0,4.0,2.0,4.0,1.0,39.0,13.0,1.0,76.89,0.47,33.0,15.0,53.0,5.842,571.0,320.0,-2.0
515,6.0,1.0,4.0,3.0,3.0,34.0,19.0,0.0,0.0,76.89,0.47,33.0,15.0,53.0,5.842,571.0,251.0,3.0
516,10.0,1.0,4.0,3.0,3.0,34.0,18.0,0.0,0.0,76.89,0.47,33.0,15.0,53.0,5.842,93.0,37.0,-1.0
517,15.0,1.0,3.0,4.0,4.0,35.0,17.0,0.0,0.0,76.89,0.47,33.0,15.0,53.0,5.842,48.0,9.0,2.0
519,8.0,1.0,4.0,3.0,3.0,31.0,22.0,0.0,0.0,76.89,0.47,33.0,15.0,53.0,5.842,48.0,39.0,-2.0
520,19.0,1.0,4.0,2.0,2.0,1.0,47.0,0.0,1.0,76.89,0.47,33.0,15.0,53.0,5.842,7.0,6.0,2.0
521,9.0,1.0,4.0,2.0,2.0,28.0,25.0,0.0,0.0,76.89,0.47,33.0,15.0,53.0,5.842,93.0,56.0,3.0
522,12.0,1.0,2.0,4.0,4.0,37.0,16.0,0.0,0.0,76.89,0.47,33.0,15.0,53.0,5.842,122.0,69.0,3.0
523,20.0,1.0,4.0,3.0,3.0,38.0,14.0,0.0,0.0,76.89,0.47,33.0,15.0,53.0,5.842,33.0,4.0,6.0
525,18.0,1.0,4.0,2.0,2.0,1.0,51.0,0.0,1.0,76.89,0.47,33.0,15.0,53.0,5.842,7.0,1.0,3.0
526,1.0,1.0,3.0,2.0,2.0,33.0,20.0,0.0,0.0,76.89,0.47,33.0,15.0,53.0,5.842,655.0,408.0,0.0
527,7.0,1.0,4.0,2.0,2.0,26.0,27.0,0.0,0.0,76.89,0.47,33.0,15.0,53.0,5.842,122.0,53.0,-1.0
528,2.0,2.0,3.0,2.0,3.0,1.0,38.0,14.0,1.0,76.89,0.47,33.0,15.0,53.0,5.842,655.0,247.0,-5.0
529,18.0,2.0,2.0,1.0,4.0,29.0,23.0,15.0,1.0,78.83,0.51,4.3,15.0,64.0,5.148,62.0,12.0,5.0
530,3.0,2.0,4.0,2.0,4.0,14.0,39.0,14.0,1.0,78.83,0.51,4.3,15.0,64.0,5.148,571.0,251.0,0.0
531,13.0,1.0,2.0,4.0,4.0,38.0,29.0,0.0,0.0,78.83,0.51,4.3,15.0,64.0,5.148,48.0,9.0,4.0
532,10.0,1.0,4.0,2.0,2.0,22.0,45.0,0.0,0.0,78.83,0.51,4.3,15.0,64.0,5.148,52.0,62.0,3.0
533,16.0,2.0,2.0,1.0,4.0,28.0,24.0,15.0,1.0,78.83,0.51,4.3,15.0,64.0,5.148,33.0,4.0,6.0
534,15.0,1.0,4.0,2.0,2.0,25.0,42.0,0.0,0.0,78.83,0.51,4.3,15.0,64.0,5.148,52.0,49.0,7.0
535,14.0,1.0,2.0,4.0,4.0,42.0,25.0,0.0,0.0,78.83,0.51,4.3,15.0,64.0,5.148,655.0,408.0,13.0
537,12.0,1.0,2.0,4.0,4.0,44.0,26.0,0.0,0.0,88.66,0.43,34.7,13.0,70.0,3.975,419.0,170.0,8.0
538,4.0,1.0,2.0,4.0,4.0,39.0,31.0,0.0,0.0,88.66,0.43,34.7,13.0,70.0,3.975,571.0,320.0,2.0
539,3.0,2.0,4.0,2.0,2.0,14.0,24.0,32.0,0.0,88.66,0.43,34.7,13.0,70.0,3.975,571.0,251.0,0.0
540,10.0,1.0,4.0,2.0,2.0,29.0,40.0,0.0,0.0,88.66,0.43,34.7,13.0,70.0,3.975,93.0,37.0,0.0
541,14.0,1.0,4.0,1.0,1.0,6.0,62.0,0.0,1.0,88.66,0.43,34.7,13.0,70.0,3.975,48.0,9.0,-1.0
543,18.0,1.0,4.0,2.0,2.0,22.0,47.0,0.0,0.0,88.66,0.43,34.7,13.0,70.0,3.975,52.0,62.0,4.0
544,11.0,1.0,2.0,1.0,1.0,39.0,30.0,0.0,0.0,88.66,0.43,34.7,13.0,70.0,3.975,62.0,50.0,3.0
545,20.0,1.0,1.0,4.0,4.0,47.0,21.0,0.0,0.0,88.66,0.43,34.7,13.0,70.0,3.975,7.0,6.0,3.0
546,9.0,1.0,4.0,2.0,2.0,31.0,38.0,0.0,0.0,88.66,0.43,34.7,13.0,70.0,3.975,93.0,56.0,2.0
547,13.0,2.0,2.0,1.0,4.0,23.0,27.0,19.0,1.0,88.66,0.43,34.7,13.0,70.0,3.975,122.0,69.0,1.0
548,8.0,1.0,4.0,1.0,1.0,24.0,45.0,0.0,0.0,88.66,0.43,34.7,13.0,70.0,3.975,33.0,4.0,-3.0
549,17.0,1.0,2.0,4.0,4.0,39.0,30.0,0.0,0.0,88.66,0.43,34.7,13.0,70.0,3.975,52.0,49.0,4.0
550,19.0,1.0,2.0,1.0,1.0,31.0,37.0,0.0,0.0,88.66,0.43,34.7,13.0,70.0,3.975,7.0,1.0,3.0
551,1.0,1.0,4.0,2.0,2.0,25.0,45.0,0.0,0.0,88.66,0.43,34.7,13.0,70.0,3.975,655.0,408.0,0.0
552,5.0,1.0,2.0,1.0,1.0,25.0,44.0,0.0,0.0,88.66,0.43,34.7,13.0,70.0,3.975,122.0,53.0,-4.0
553,2.0,1.0,4.0,2.0,2.0,15.0,55.0,0.0,0.0,88.66,0.43,34.7,13.0,70.0,3.975,655.0,247.0,-3.0
554,17.0,1.0,3.0,2.0,2.0,24.0,28.0,0.0,0.0,68.35,0.74,12.8,11.0,59.0,5.793,62.0,12.0,5.0
555,2.0,2.0,3.0,2.0,3.0,1.0,28.0,24.0,1.0,68.35,0.74,12.8,11.0,59.0,5.793,571.0,320.0,-2.0
556,1.0,1.0,3.0,2.0,2.0,28.0,25.0,0.0,0.0,68.35,0.74,12.8,11.0,59.0,5.793,571.0,251.0,-1.0
557,18.0,2.0,2.0,3.0,3.0,1.0,41.0,10.0,1.0,68.35,0.74,12.8,11.0,59.0,5.793,48.0,9.0,3.0
558,9.0,1.0,3.0,2.0,2.0,34.0,18.0,0.0,0.0,68.35,0.74,12.8,11.0,59.0,5.793,33.0,29.0,-5.0
559,14.0,1.0,3.0,2.0,2.0,39.0,14.0,0.0,0.0,68.35,0.74,12.8,11.0,59.0,5.793,0.0,62.0,7.0
560,15.0,1.0,2.0,3.0,3.0,34.0,18.0,0.0,0.0,68.35,0.74,12.8,11.0,59.0,5.793,48.0,39.0,4.0
561,10.0,1.0,3.0,2.0,2.0,35.0,17.0,0.0,0.0,68.35,0.74,12.8,11.0,59.0,5.793,7.0,6.0,1.0
562,11.0,1.0,2.0,1.0,1.0,4.0,48.0,0.0,0.0,68.35,0.74,12.8,11.0,59.0,5.793,93.0,56.0,-5.0
563,20.0,2.0,3.0,2.0,3.0,1.0,40.0,11.0,1.0,68.35,0.74,12.8,11.0,59.0,5.793,122.0,69.0,7.0
564,8.0,1.0,3.0,2.0,2.0,38.0,15.0,0.0,0.0,68.35,0.74,12.8,11.0,59.0,5.793,0.0,49.0,2.0
567,3.0,1.0,3.0,2.0,2.0,28.0,25.0,0.0,0.0,68.35,0.74,12.8,11.0,59.0,5.793,655.0,408.0,2.0
568,7.0,1.0,3.0,2.0,2.0,39.0,14.0,0.0,0.0,68.35,0.74,12.8,11.0,59.0,5.793,122.0,53.0,-1.0
569,4.0,1.0,3.0,2.0,2.0,36.0,17.0,0.0,0.0,68.35,0.74,12.8,11.0,59.0,5.793,655.0,247.0,1.0
570,19.0,1.0,2.0,1.0,1.0,23.0,29.0,0.0,0.0,79.92,0.67,40.4,18.0,53.0,5.807,62.0,12.0,4.0
571,15.0,1.0,2.0,1.0,1.0,23.0,30.0,0.0,0.0,79.92,0.67,40.4,18.0,53.0,5.807,419.0,170.0,11.0
572,8.0,1.0,3.0,2.0,2.0,26.0,27.0,0.0,0.0,79.92,0.67,40.4,18.0,53.0,5.807,571.0,320.0,2.0
573,4.0,1.0,3.0,1.0,1.0,17.0,36.0,0.0,0.0,79.92,0.67,40.4,18.0,53.0,5.807,571.0,251.0,-1.0
574,5.0,1.0,2.0,1.0,1.0,29.0,24.0,0.0,0.0,79.92,0.67,40.4,18.0,53.0,5.807,93.0,37.0,-3.0
575,20.0,1.0,2.0,1.0,1.0,5.0,47.0,0.0,1.0,79.92,0.67,40.4,18.0,53.0,5.807,48.0,9.0,8.0
576,7.0,1.0,3.0,2.0,2.0,29.0,23.0,0.0,0.0,79.92,0.67,40.4,18.0,53.0,5.807,33.0,29.0,-4.0
577,9.0,1.0,3.0,2.0,2.0,24.0,29.0,0.0,0.0,79.92,0.67,40.4,18.0,53.0,5.807,0.0,62.0,2.0
578,18.0,1.0,2.0,1.0,1.0,26.0,26.0,0.0,0.0,79.92,0.67,40.4,18.0,53.0,5.807,62.0,50.0,4.0
579,14.0,2.0,2.0,1.0,3.0,14.0,25.0,13.0,0.0,79.92,0.67,40.4,18.0,53.0,5.807,7.0,6.0,-3.0
580,6.0,1.0,3.0,2.0,2.0,28.0,24.0,0.0,0.0,79.92,0.67,40.4,18.0,53.0,5.807,33.0,4.0,-7.0
583,17.0,2.0,2.0,1.0,3.0,4.0,34.0,14.0,1.0,79.92,0.67,40.4,18.0,53.0,5.807,7.0,1.0,1.0
585,13.0,1.0,2.0,1.0,1.0,32.0,20.0,0.0,0.0,79.92,0.67,40.4,18.0,53.0,5.807,122.0,53.0,3.0
587,15.0,1.0,4.0,3.0,3.0,12.0,57.0,0.0,0.0,65.61,0.53,2.8,17.0,71.0,4.304,62.0,12.0,7.0
588,4.0,2.0,4.0,3.0,4.0,17.0,30.0,24.0,0.0,65.61,0.53,2.8,17.0,71.0,4.304,571.0,320.0,2.0
589,6.0,1.0,4.0,3.0,3.0,17.0,54.0,0.0,0.0,65.61,0.53,2.8,17.0,71.0,4.304,571.0,251.0,3.0
590,18.0,2.0,3.0,4.0,5.0,44.0,16.0,8.0,0.0,65.61,0.53,2.8,17.0,71.0,4.304,93.0,37.0,2.0
591,10.0,1.0,5.0,3.0,3.0,16.0,53.0,0.0,0.0,65.61,0.53,2.8,17.0,71.0,4.304,48.0,9.0,1.0
592,20.0,2.0,5.0,3.0,3.0,5.0,21.0,43.0,1.0,65.61,0.53,2.8,17.0,71.0,4.304,33.0,29.0,10.0
593,9.0,1.0,5.0,3.0,3.0,13.0,56.0,0.0,0.0,65.61,0.53,2.8,17.0,71.0,4.304,48.0,39.0,2.0
594,17.0,2.0,4.0,4.0,3.0,10.0,13.0,46.0,0.0,65.61,0.53,2.8,17.0,71.0,4.304,7.0,6.0,5.0
596,7.0,1.0,5.0,3.0,3.0,12.0,57.0,0.0,0.0,65.61,0.53,2.8,17.0,71.0,4.304,122.0,69.0,1.0
597,14.0,2.0,3.0,4.0,3.0,1.0,23.0,45.0,0.0,65.61,0.53,2.8,17.0,71.0,4.304,33.0,4.0,0.0
598,11.0,2.0,3.0,3.0,4.0,1.0,29.0,39.0,0.0,65.61,0.53,2.8,17.0,71.0,4.304,0.0,49.0,0.0
599,2.0,2.0,4.0,3.0,3.0,13.0,35.0,23.0,0.0,65.61,0.53,2.8,17.0,71.0,4.304,419.0,249.0,1.0
600,19.0,1.0,4.0,3.0,3.0,11.0,58.0,0.0,0.0,65.61,0.53,2.8,17.0,71.0,4.304,7.0,1.0,6.0
601,3.0,2.0,4.0,3.0,4.0,11.0,36.0,24.0,0.0,65.61,0.53,2.8,17.0,71.0,4.304,655.0,408.0,-1.0
602,12.0,2.0,4.0,3.0,5.0,20.0,52.0,5.0,1.0,75.88,0.61,42.0,19.0,78.0,3.337,62.0,12.0,-2.0
603,1.0,1.0,5.0,4.0,4.0,17.0,61.0,0.0,0.0,75.88,0.61,42.0,19.0,78.0,3.337,419.0,170.0,0.0
605,4.0,1.0,5.0,4.0,4.0,17.0,61.0,0.0,0.0,75.88,0.61,42.0,19.0,78.0,3.337,571.0,251.0,0.0
606,18.0,2.0,4.0,3.0,5.0,15.0,53.0,9.0,0.0,75.88,0.61,42.0,19.0,78.0,3.337,93.0,37.0,3.0
607,16.0,1.0,4.0,3.0,3.0,17.0,61.0,0.0,0.0,75.88,0.61,42.0,19.0,78.0,3.337,48.0,9.0,5.0
608,10.0,1.0,5.0,3.0,3.0,37.0,41.0,0.0,0.0,75.88,0.61,42.0,19.0,78.0,3.337,33.0,29.0,3.0
609,9.0,1.0,5.0,3.0,3.0,21.0,57.0,0.0,0.0,75.88,0.61,42.0,19.0,78.0,3.337,52.0,62.0,-3.0
610,14.0,1.0,4.0,3.0,3.0,14.0,56.0,0.0,0.0,75.88,0.61,42.0,19.0,78.0,3.337,48.0,39.0,-4.0
611,19.0,1.0,4.0,3.0,3.0,17.0,61.0,0.0,0.0,75.88,0.61,42.0,19.0,78.0,3.337,93.0,56.0,6.0
612,11.0,1.0,4.0,5.0,5.0,50.0,28.0,0.0,0.0,75.88,0.61,42.0,19.0,78.0,3.337,122.0,69.0,3.0
613,15.0,1.0,5.0,4.0,4.0,13.0,57.0,0.0,0.0,75.88,0.61,42.0,19.0,78.0,3.337,33.0,4.0,-4.0
614,6.0,1.0,5.0,3.0,3.0,23.0,55.0,0.0,0.0,75.88,0.61,42.0,19.0,78.0,3.337,52.0,49.0,0.0
615,20.0,1.0,4.0,5.0,5.0,47.0,31.0,0.0,0.0,75.88,0.61,42.0,19.0,78.0,3.337,419.0,249.0,11.0
616,13.0,3.0,5.0,4.0,3.0,7.0,12.0,30.0,0.0,75.88,0.61,42.0,19.0,78.0,3.337,7.0,1.0,-3.0
617,3.0,1.0,5.0,4.0,4.0,16.0,62.0,0.0,0.0,75.88,0.61,42.0,19.0,78.0,3.337,655.0,408.0,0.0
618,8.0,1.0,5.0,4.0,4.0,16.0,62.0,0.0,0.0,75.88,0.61,42.0,19.0,78.0,3.337,122.0,53.0,-2.0
620,15.0,1.0,4.0,2.0,2.0,11.0,40.0,0.0,0.0,75.39,0.62,1.9,18.0,53.0,5.848,62.0,12.0,-1.0
621,18.0,1.0,2.0,4.0,4.0,39.0,14.0,0.0,0.0,75.39,0.62,1.9,18.0,53.0,5.848,419.0,170.0,12.0
622,3.0,1.0,4.0,2.0,2.0,13.0,40.0,0.0,0.0,75.39,0.62,1.9,18.0,53.0,5.848,571.0,320.0,0.0
623,4.0,1.0,4.0,2.0,2.0,18.0,35.0,0.0,0.0,75.39,0.62,1.9,18.0,53.0,5.848,571.0,251.0,0.0
624,9.0,1.0,5.0,2.0,2.0,8.0,44.0,0.0,0.0,75.39,0.62,1.9,18.0,53.0,5.848,93.0,37.0,-2.0
625,10.0,2.0,5.0,2.0,4.0,11.0,26.0,16.0,0.0,75.39,0.62,1.9,18.0,53.0,5.848,48.0,9.0,-3.0
626,8.0,1.0,5.0,2.0,2.0,12.0,40.0,0.0,0.0,75.39,0.62,1.9,18.0,53.0,5.848,0.0,62.0,-2.0
627,16.0,1.0,4.0,2.0,2.0,5.0,47.0,0.0,0.0,75.39,0.62,1.9,18.0,53.0,5.848,62.0,50.0,2.0
628,7.0,1.0,5.0,2.0,2.0,10.0,43.0,0.0,0.0,75.39,0.62,1.9,18.0,53.0,5.848,48.0,39.0,0.0
629,14.0,1.0,4.0,2.0,2.0,7.0,45.0,0.0,0.0,75.39,0.62,1.9,18.0,53.0,5.848,7.0,6.0,-1.0
630,5.0,1.0,5.0,2.0,2.0,9.0,43.0,0.0,0.0,75.39,0.62,1.9,18.0,53.0,5.848,93.0,56.0,-3.0
631,12.0,1.0,2.0,4.0,4.0,35.0,17.0,0.0,0.0,75.39,0.62,1.9,18.0,53.0,5.848,122.0,69.0,0.0
632,6.0,1.0,5.0,2.0,2.0,10.0,42.0,0.0,0.0,75.39,0.62,1.9,18.0,53.0,5.848,0.0,49.0,-3.0
633,19.0,1.0,2.0,4.0,4.0,43.0,10.0,0.0,0.0,75.39,0.62,1.9,18.0,53.0,5.848,419.0,249.0,14.0
634,13.0,1.0,4.0,2.0,2.0,10.0,41.0,0.0,0.0,75.39,0.62,1.9,18.0,53.0,5.848,7.0,1.0,-5.0
635,2.0,1.0,4.0,2.0,2.0,14.0,39.0,0.0,0.0,75.39,0.62,1.9,18.0,53.0,5.848,655.0,408.0,1.0
636,11.0,1.0,2.0,4.0,4.0,32.0,19.0,0.0,0.0,75.39,0.62,1.9,18.0,53.0,5.848,122.0,53.0,-6.0
637,1.0,1.0,4.0,2.0,2.0,12.0,41.0,0.0,0.0,75.39,0.62,1.9,18.0,53.0,5.848,655.0,247.0,-1.0
638,18.0,1.0,4.0,2.0,2.0,43.0,17.0,0.0,0.0,84.04,0.67,5.3,23.0,61.0,5.065,62.0,12.0,6.0
639,6.0,1.0,5.0,4.0,4.0,27.0,34.0,0.0,0.0,84.04,0.67,5.3,23.0,61.0,5.065,419.0,170.0,0.0
640,3.0,1.0,5.0,4.0,4.0,14.0,47.0,0.0,0.0,84.04,0.67,5.3,23.0,61.0,5.065,571.0,320.0,0.0
641,5.0,1.0,5.0,2.0,2.0,22.0,39.0,0.0,0.0,84.04,0.67,5.3,23.0,61.0,5.065,571.0,251.0,0.0
642,8.0,1.0,5.0,2.0,2.0,16.0,44.0,0.0,0.0,84.04,0.67,5.3,23.0,61.0,5.065,93.0,37.0,-7.0
643,14.0,1.0,4.0,5.0,5.0,44.0,16.0,0.0,0.0,84.04,0.67,5.3,23.0,61.0,5.065,48.0,9.0,3.0
644,15.0,1.0,5.0,4.0,4.0,26.0,34.0,0.0,0.0,84.04,0.67,5.3,23.0,61.0,5.065,33.0,29.0,2.0
645,11.0,1.0,4.0,2.0,2.0,38.0,23.0,0.0,0.0,84.04,0.67,5.3,23.0,61.0,5.065,62.0,50.0,4.0
646,13.0,1.0,4.0,5.0,5.0,38.0,22.0,0.0,0.0,84.04,0.67,5.3,23.0,61.0,5.065,48.0,39.0,4.0
647,20.0,1.0,2.0,4.0,4.0,40.0,20.0,0.0,0.0,84.04,0.67,5.3,23.0,61.0,5.065,7.0,6.0,6.0
648,10.0,1.0,5.0,4.0,4.0,15.0,45.0,0.0,0.0,84.04,0.67,5.3,23.0,61.0,5.065,122.0,69.0,0.0
651,19.0,2.0,4.0,2.0,5.0,3.0,42.0,14.0,1.0,84.04,0.67,5.3,23.0,61.0,5.065,7.0,1.0,0.0
653,12.0,1.0,4.0,2.0,2.0,37.0,23.0,0.0,0.0,84.04,0.67,5.3,23.0,61.0,5.065,122.0,53.0,4.0
654,4.0,1.0,5.0,2.0,2.0,16.0,45.0,0.0,0.0,84.04,0.67,5.3,23.0,61.0,5.065,655.0,247.0,0.0
655,6.0,1.0,2.0,1.0,1.0,33.0,33.0,0.0,0.0,60.8,0.52,29.6,16.0,66.0,4.655,419.0,170.0,1.0
657,17.0,1.0,1.0,2.0,2.0,35.0,29.0,0.0,0.0,60.8,0.52,29.6,16.0,66.0,4.655,48.0,9.0,4.0
658,15.0,2.0,2.0,1.0,2.0,26.0,14.0,24.0,0.0,60.8,0.52,29.6,16.0,66.0,4.655,52.0,62.0,6.0
659,8.0,1.0,3.0,1.0,1.0,21.0,44.0,0.0,0.0,60.8,0.52,29.6,16.0,66.0,4.655,62.0,50.0,0.0
660,14.0,1.0,2.0,1.0,1.0,20.0,44.0,0.0,0.0,60.8,0.52,29.6,16.0,66.0,4.655,48.0,39.0,4.0
661,18.0,1.0,2.0,1.0,1.0,20.0,44.0,0.0,0.0,60.8,0.52,29.6,16.0,66.0,4.655,7.0,6.0,7.0
663,20.0,2.0,2.0,1.0,1.0,1.0,32.0,31.0,1.0,60.8,0.52,29.6,16.0,66.0,4.655,33.0,4.0,8.0
664,5.0,1.0,2.0,1.0,1.0,34.0,32.0,0.0,0.0,60.8,0.52,29.6,16.0,66.0,4.655,419.0,249.0,2.0
666,9.0,1.0,2.0,1.0,1.0,25.0,40.0,0.0,0.0,60.8,0.52,29.6,16.0,66.0,4.655,122.0,53.0,2.0
668,17.0,2.0,3.0,2.0,2.0,10.0,30.0,15.0,1.0,69.74,0.41,30.9,20.0,56.0,5.513,62.0,12.0,6.0
669,5.0,1.0,3.0,2.0,2.0,26.0,30.0,0.0,0.0,69.74,0.41,30.9,20.0,56.0,5.513,571.0,320.0,1.0
670,2.0,1.0,4.0,2.0,2.0,21.0,35.0,0.0,0.0,69.74,0.41,30.9,20.0,56.0,5.513,571.0,251.0,1.0
671,16.0,1.0,2.0,3.0,3.0,30.0,25.0,0.0,0.0,69.74,0.41,30.9,20.0,56.0,5.513,48.0,9.0,6.0
672,19.0,2.0,3.0,2.0,4.0,10.0,26.0,19.0,1.0,69.74,0.41,30.9,20.0,56.0,5.513,33.0,29.0,7.0
673,10.0,1.0,4.0,2.0,2.0,25.0,31.0,0.0,0.0,69.74,0.41,30.9,20.0,56.0,5.513,0.0,62.0,2.0
674,15.0,3.0,3.0,2.0,4.0,1.0,4.0,33.0,0.0,69.74,0.41,30.9,20.0,56.0,5.513,7.0,6.0,1.0
675,7.0,1.0,4.0,2.0,2.0,23.0,33.0,0.0,0.0,69.74,0.41,30.9,20.0,56.0,5.513,122.0,69.0,1.0
676,20.0,1.0,3.0,2.0,2.0,27.0,28.0,0.0,0.0,69.74,0.41,30.9,20.0,56.0,5.513,33.0,4.0,11.0
677,18.0,1.0,2.0,3.0,3.0,22.0,34.0,0.0,0.0,69.74,0.41,30.9,20.0,56.0,5.513,419.0,249.0,16.0
678,14.0,2.0,3.0,2.0,3.0,10.0,19.0,26.0,1.0,69.74,0.41,30.9,20.0,56.0,5.513,7.0,1.0,1.0
679,1.0,2.0,3.0,2.0,2.0,11.0,26.0,19.0,1.0,69.74,0.41,30.9,20.0,56.0,5.513,655.0,408.0,-2.0
680,11.0,1.0,3.0,2.0,2.0,24.0,32.0,0.0,0.0,69.74,0.41,30.9,20.0,56.0,5.513,122.0,53.0,4.0
681,3.0,1.0,3.0,2.0,2.0,23.0,33.0,0.0,0.0,69.74,0.41,30.9,20.0,56.0,5.513,655.0,247.0,-2.0
682,13.0,1.0,5.0,4.0,4.0,12.0,42.0,0.0,0.0,72.55,0.71,10.7,21.0,55.0,5.554,30.0,13.0,1.0
683,3.0,1.0,5.0,4.0,4.0,20.0,35.0,0.0,0.0,72.55,0.71,10.7,21.0,55.0,5.554,522.0,317.0,0.0
685,16.0,1.0,5.0,4.0,4.0,32.0,22.0,0.0,0.0,72.55,0.71,10.7,21.0,55.0,5.554,47.0,28.0,5.0
687,8.0,1.0,5.0,4.0,4.0,16.0,39.0,0.0,0.0,72.55,0.71,10.7,21.0,55.0,5.554,187.0,100.0,1.0
688,11.0,1.0,5.0,4.0,4.0,21.0,33.0,0.0,0.0,72.55,0.71,10.7,21.0,55.0,5.554,30.0,17.0,2.0
693,6.0,1.0,5.0,4.0,4.0,14.0,41.0,0.0,0.0,72.55,0.71,10.7,21.0,55.0,5.554,368.0,168.0,1.0
694,2.0,1.0,5.0,4.0,4.0,24.0,31.0,0.0,0.0,72.55,0.71,10.7,21.0,55.0,5.554,668.0,363.0,0.0
695,1.0,1.0,5.0,4.0,4.0,21.0,34.0,0.0,0.0,72.55,0.71,10.7,21.0,55.0,5.554,668.0,305.0,0.0
696,18.0,1.0,4.0,5.0,5.0,28.0,26.0,0.0,0.0,72.55,0.71,10.7,21.0,55.0,5.554,5.0,5.0,4.0
697,18.0,1.0,5.0,3.0,3.0,9.0,46.0,0.0,0.0,77.39,0.62,2.6,16.0,58.0,5.303,30.0,13.0,5.0
698,2.0,1.0,5.0,3.0,3.0,23.0,34.0,0.0,0.0,77.39,0.62,2.6,16.0,58.0,5.303,522.0,317.0,1.0
699,4.0,1.0,5.0,3.0,3.0,26.0,31.0,0.0,0.0,77.39,0.62,2.6,16.0,58.0,5.303,522.0,205.0,0.0
700,10.0,1.0,5.0,3.0,3.0,17.0,39.0,0.0,0.0,77.39,0.62,2.6,16.0,58.0,5.303,187.0,100.0,3.0
701,7.0,1.0,5.0,4.0,4.0,20.0,37.0,0.0,0.0,77.39,0.62,2.6,16.0,58.0,5.303,83.0,43.0,1.0
702,9.0,2.0,5.0,4.0,5.0,34.0,15.0,7.0,0.0,77.39,0.62,2.6,16.0,58.0,5.303,53.0,5.0,0.0
704,13.0,1.0,5.0,3.0,3.0,15.0,41.0,0.0,0.0,77.39,0.62,2.6,16.0,58.0,5.303,187.0,87.0,3.0
705,5.0,1.0,5.0,4.0,4.0,25.0,32.0,0.0,0.0,77.39,0.62,2.6,16.0,58.0,5.303,368.0,168.0,0.0
706,1.0,1.0,5.0,3.0,3.0,17.0,40.0,0.0,0.0,77.39,0.62,2.6,16.0,58.0,5.303,668.0,363.0,-1.0
709,13.0,1.0,5.0,4.0,4.0,31.0,39.0,0.0,0.0,81.18,0.4,63.5,8.0,71.0,4.318,30.0,13.0,1.0
710,3.0,1.0,5.0,4.0,4.0,33.0,38.0,0.0,0.0,81.18,0.4,63.5,8.0,71.0,4.318,368.0,200.0,0.0
712,4.0,1.0,5.0,4.0,4.0,44.0,27.0,0.0,0.0,81.18,0.4,63.5,8.0,71.0,4.318,522.0,205.0,-1.0
713,5.0,1.0,5.0,4.0,4.0,36.0,35.0,0.0,0.0,81.18,0.4,63.5,8.0,71.0,4.318,47.0,28.0,-1.0
714,17.0,1.0,5.0,4.0,4.0,34.0,35.0,0.0,0.0,81.18,0.4,63.5,8.0,71.0,4.318,5.0,0.0,2.0
715,7.0,1.0,5.0,4.0,4.0,35.0,35.0,0.0,0.0,81.18,0.4,63.5,8.0,71.0,4.318,187.0,100.0,0.0
719,14.0,1.0,4.0,3.0,3.0,14.0,56.0,0.0,0.0,81.18,0.4,63.5,8.0,71.0,4.318,57.0,43.0,1.0
720,12.0,1.0,3.0,5.0,5.0,34.0,36.0,0.0,0.0,81.18,0.4,63.5,8.0,71.0,4.318,57.0,8.0,1.0
721,8.0,1.0,5.0,4.0,4.0,42.0,28.0,0.0,0.0,81.18,0.4,63.5,8.0,71.0,4.318,187.0,87.0,0.0
722,5.0,1.0,4.0,5.0,5.0,31.0,40.0,0.0,0.0,81.18,0.4,63.5,8.0,71.0,4.318,668.0,363.0,1.0
724,15.0,1.0,4.0,5.0,5.0,35.0,35.0,0.0,0.0,81.18,0.4,63.5,8.0,71.0,4.318,5.0,5.0,1.0
726,3.0,2.0,4.0,3.0,4.0,12.0,8.0,26.0,3.0,82.96,0.54,26.8,20.0,51.0,6.003,522.0,205.0,-11.0
727,17.0,2.0,3.0,4.0,4.0,12.0,5.0,5.0,2.0,82.96,0.54,26.8,20.0,51.0,6.003,5.0,0.0,6.0
728,19.0,2.0,4.0,3.0,4.0,12.0,10.0,29.0,2.0,82.96,0.54,26.8,20.0,51.0,6.003,30.0,17.0,10.0
729,8.0,2.0,4.0,3.0,4.0,13.0,9.0,29.0,2.0,82.96,0.54,26.8,20.0,51.0,6.003,83.0,40.0,5.0
730,12.0,2.0,4.0,3.0,4.0,12.0,10.0,29.0,2.0,82.96,0.54,26.8,20.0,51.0,6.003,47.0,19.0,5.0
731,1.0,2.0,4.0,3.0,4.0,12.0,10.0,9.0,2.0,82.96,0.54,26.8,20.0,51.0,6.003,668.0,363.0,-4.0
732,15.0,2.0,4.0,3.0,4.0,12.0,10.0,29.0,2.0,82.96,0.54,26.8,20.0,51.0,6.003,53.0,54.0,7.0
733,4.0,2.0,4.0,3.0,4.0,13.0,26.0,18.0,1.0,79.98,0.54,16.9,15.0,57.0,5.412,368.0,200.0,-1.0
734,3.0,2.0,4.0,4.0,3.0,10.0,23.0,24.0,0.0,79.98,0.54,16.9,15.0,57.0,5.412,522.0,317.0,2.0
735,5.0,2.0,4.0,4.0,3.0,12.0,25.0,20.0,0.0,79.98,0.54,16.9,15.0,57.0,5.412,522.0,205.0,1.0
737,18.0,2.0,4.0,4.0,3.0,13.0,23.0,21.0,1.0,79.98,0.54,16.9,15.0,57.0,5.412,187.0,100.0,11.0
739,8.0,2.0,4.0,3.0,3.0,13.0,24.0,20.0,1.0,79.98,0.54,16.9,15.0,57.0,5.412,83.0,43.0,2.0
740,11.0,2.0,4.0,3.0,3.0,13.0,24.0,20.0,1.0,79.98,0.54,16.9,15.0,57.0,5.412,53.0,5.0,-1.0
741,7.0,2.0,4.0,3.0,4.0,13.0,23.0,21.0,1.0,79.98,0.54,16.9,15.0,57.0,5.412,57.0,43.0,-2.0
742,10.0,2.0,4.0,3.0,4.0,13.0,24.0,19.0,1.0,79.98,0.54,16.9,15.0,57.0,5.412,57.0,8.0,-3.0
743,14.0,2.0,4.0,4.0,3.0,11.0,26.0,20.0,0.0,79.98,0.54,16.9,15.0,57.0,5.412,187.0,87.0,4.0
745,1.0,2.0,4.0,4.0,3.0,13.0,17.0,27.0,1.0,79.98,0.54,16.9,15.0,57.0,5.412,668.0,305.0,-2.0
746,13.0,1.0,4.0,3.0,3.0,11.0,45.0,0.0,0.0,79.98,0.54,16.9,15.0,57.0,5.412,5.0,5.0,2.0
747,20.0,2.0,4.0,5.0,5.0,18.0,12.0,14.0,1.0,71.46,0.62,102.2,19.0,44.0,7.004,30.0,13.0,6.0
748,6.0,2.0,5.0,4.0,5.0,14.0,16.0,14.0,1.0,71.46,0.62,102.2,19.0,44.0,7.004,368.0,200.0,3.0
749,2.0,2.0,5.0,3.0,5.0,14.0,16.0,14.0,1.0,71.46,0.62,102.2,19.0,44.0,7.004,522.0,317.0,0.0
751,11.0,2.0,5.0,3.0,4.0,10.0,19.0,15.0,1.0,71.46,0.62,102.2,19.0,44.0,7.004,47.0,28.0,4.0
752,15.0,2.0,4.0,3.0,5.0,9.0,20.0,15.0,1.0,71.46,0.62,102.2,19.0,44.0,7.004,83.0,40.0,4.0
753,16.0,2.0,4.0,3.0,5.0,11.0,18.0,15.0,1.0,71.46,0.62,102.2,19.0,44.0,7.004,83.0,43.0,8.0
754,19.0,2.0,4.0,5.0,5.0,18.0,12.0,14.0,1.0,71.46,0.62,102.2,19.0,44.0,7.004,53.0,5.0,7.0
755,7.0,2.0,5.0,3.0,5.0,11.0,18.0,15.0,1.0,71.46,0.62,102.2,19.0,44.0,7.004,57.0,43.0,1.0
756,14.0,2.0,5.0,3.0,5.0,8.0,22.0,14.0,1.0,71.46,0.62,102.2,19.0,44.0,7.004,57.0,8.0,1.0
757,1.0,2.0,5.0,3.0,3.0,12.0,18.0,14.0,1.0,71.46,0.62,102.2,19.0,44.0,7.004,668.0,363.0,0.0
758,13.0,2.0,5.0,3.0,4.0,19.0,10.0,15.0,1.0,71.46,0.62,102.2,19.0,44.0,7.004,53.0,54.0,3.0
759,3.0,2.0,5.0,3.0,3.0,13.0,17.0,14.0,1.0,71.46,0.62,102.2,19.0,44.0,7.004,668.0,305.0,-2.0
760,17.0,2.0,3.0,3.0,4.0,1.0,42.0,28.0,1.0,73.42,0.54,43.0,15.0,71.0,4.309,368.0,200.0,11.0
761,1.0,1.0,4.0,3.0,3.0,28.0,43.0,0.0,0.0,73.42,0.54,43.0,15.0,71.0,4.309,522.0,317.0,0.0
762,3.0,1.0,4.0,3.0,3.0,29.0,42.0,0.0,0.0,73.42,0.54,43.0,15.0,71.0,4.309,522.0,205.0,0.0
764,11.0,1.0,3.0,4.0,4.0,44.0,26.0,0.0,0.0,73.42,0.54,43.0,15.0,71.0,4.309,5.0,0.0,-2.0
765,7.0,1.0,4.0,3.0,3.0,35.0,36.0,0.0,0.0,73.42,0.54,43.0,15.0,71.0,4.309,187.0,100.0,-2.0
766,6.0,1.0,4.0,3.0,3.0,28.0,43.0,0.0,0.0,73.42,0.54,43.0,15.0,71.0,4.309,30.0,17.0,-2.0
767,13.0,2.0,4.0,3.0,4.0,28.0,39.0,2.0,0.0,73.42,0.54,43.0,15.0,71.0,4.309,83.0,40.0,-3.0
768,5.0,1.0,4.0,3.0,3.0,27.0,44.0,0.0,0.0,73.42,0.54,43.0,15.0,71.0,4.309,83.0,43.0,-2.0
769,9.0,1.0,4.0,3.0,3.0,30.0,40.0,0.0,0.0,73.42,0.54,43.0,15.0,71.0,4.309,57.0,43.0,-1.0
770,4.0,2.0,4.0,3.0,4.0,28.0,34.0,9.0,0.0,73.42,0.54,43.0,15.0,71.0,4.309,368.0,168.0,-1.0
771,7.0,1.0,3.0,4.0,4.0,43.0,28.0,0.0,0.0,73.42,0.54,43.0,15.0,71.0,4.309,668.0,363.0,3.0
774,16.0,1.0,4.0,3.0,3.0,1.0,69.0,0.0,1.0,73.42,0.54,43.0,15.0,71.0,4.309,5.0,5.0,2.0
775,8.0,1.0,4.0,3.0,3.0,26.0,24.0,0.0,0.0,71.52,0.75,11.3,18.0,52.0,5.891,30.0,13.0,-3.0
776,19.0,1.0,4.0,3.0,3.0,32.0,19.0,0.0,0.0,71.52,0.75,11.3,18.0,52.0,5.891,368.0,200.0,14.0
777,3.0,2.0,4.0,3.0,4.0,18.0,32.0,1.0,0.0,71.52,0.75,11.3,18.0,52.0,5.891,522.0,317.0,-4.0
778,2.0,2.0,4.0,3.0,4.0,24.0,25.0,2.0,0.0,71.52,0.75,11.3,18.0,52.0,5.891,522.0,205.0,-1.0
779,10.0,2.0,4.0,3.0,4.0,23.0,20.0,7.0,0.0,71.52,0.75,11.3,18.0,52.0,5.891,47.0,28.0,-3.0
780,18.0,1.0,3.0,4.0,4.0,28.0,22.0,0.0,0.0,71.52,0.75,11.3,18.0,52.0,5.891,5.0,0.0,4.0
781,6.0,1.0,4.0,3.0,3.0,23.0,27.0,0.0,0.0,71.52,0.75,11.3,18.0,52.0,5.891,187.0,100.0,-3.0
782,15.0,2.0,3.0,4.0,4.0,22.0,20.0,8.0,0.0,71.52,0.75,11.3,18.0,52.0,5.891,83.0,40.0,-1.0
783,14.0,1.0,3.0,4.0,4.0,25.0,25.0,0.0,0.0,71.52,0.75,11.3,18.0,52.0,5.891,83.0,43.0,4.0
784,16.0,1.0,3.0,4.0,4.0,37.0,13.0,0.0,0.0,71.52,0.75,11.3,18.0,52.0,5.891,47.0,19.0,4.0
785,12.0,2.0,4.0,3.0,4.0,22.0,20.0,8.0,1.0,71.52,0.75,11.3,18.0,52.0,5.891,53.0,5.0,-3.0
786,5.0,1.0,3.0,4.0,4.0,25.0,25.0,0.0,0.0,71.52,0.75,11.3,18.0,52.0,5.891,57.0,43.0,-1.0
787,7.0,1.0,4.0,3.0,3.0,20.0,30.0,0.0,0.0,71.52,0.75,11.3,18.0,52.0,5.891,187.0,87.0,-1.0
790,9.0,1.0,3.0,4.0,4.0,32.0,19.0,0.0,0.0,71.52,0.75,11.3,18.0,52.0,5.891,668.0,305.0,7.0
791,16.0,1.0,5.0,4.0,4.0,45.0,24.0,0.0,0.0,83.31,0.47,5.2,17.0,70.0,4.43,30.0,13.0,2.0
792,6.0,1.0,5.0,3.0,3.0,18.0,52.0,0.0,0.0,83.31,0.47,5.2,17.0,70.0,4.43,368.0,200.0,3.0
793,2.0,2.0,5.0,4.0,5.0,5.0,44.0,21.0,0.0,83.31,0.47,5.2,17.0,70.0,4.43,522.0,317.0,-2.0
794,4.0,2.0,5.0,4.0,5.0,17.0,24.0,29.0,0.0,83.31,0.47,5.2,17.0,70.0,4.43,522.0,205.0,-3.0
795,14.0,1.0,5.0,4.0,4.0,1.0,68.0,0.0,1.0,83.31,0.47,5.2,17.0,70.0,4.43,47.0,28.0,4.0
796,19.0,1.0,5.0,4.0,4.0,11.0,58.0,0.0,1.0,83.31,0.47,5.2,17.0,70.0,4.43,5.0,0.0,6.0
797,8.0,1.0,5.0,4.0,4.0,19.0,51.0,0.0,0.0,83.31,0.47,5.2,17.0,70.0,4.43,187.0,100.0,3.0
798,12.0,1.0,5.0,4.0,4.0,42.0,24.0,0.0,0.0,83.31,0.47,5.2,17.0,70.0,4.43,30.0,17.0,-4.0
799,17.0,1.0,5.0,4.0,4.0,25.0,44.0,0.0,0.0,83.31,0.47,5.2,17.0,70.0,4.43,83.0,40.0,8.0
800,18.0,1.0,4.0,5.0,5.0,46.0,23.0,0.0,0.0,83.31,0.47,5.2,17.0,70.0,4.43,47.0,19.0,6.0
801,10.0,1.0,5.0,4.0,4.0,11.0,59.0,0.0,1.0,83.31,0.47,5.2,17.0,70.0,4.43,57.0,43.0,2.0
802,15.0,1.0,5.0,4.0,4.0,11.0,58.0,0.0,1.0,83.31,0.47,5.2,17.0,70.0,4.43,57.0,8.0,4.0
803,9.0,1.0,5.0,4.0,4.0,32.0,38.0,0.0,0.0,83.31,0.47,5.2,17.0,70.0,4.43,187.0,87.0,3.0
804,1.0,1.0,5.0,4.0,4.0,32.0,38.0,0.0,0.0,83.31,0.47,5.2,17.0,70.0,4.43,668.0,363.0,0.0
805,3.0,1.0,5.0,3.0,3.0,23.0,47.0,0.0,0.0,83.31,0.47,5.2,17.0,70.0,4.43,668.0,305.0,1.0
806,20.0,2.0,4.0,5.0,5.0,1.0,39.0,28.0,1.0,83.31,0.47,5.2,17.0,70.0,4.43,5.0,5.0,5.0
807,20.0,1.0,4.0,3.0,3.0,30.0,26.0,0.0,0.0,54.67,0.87,7.4,16.0,56.0,5.451,57.0,8.0,7.0
808,11.0,1.0,4.0,3.0,3.0,28.0,28.0,0.0,0.0,54.67,0.87,7.4,16.0,56.0,5.451,53.0,54.0,4.0
809,7.0,1.0,4.0,3.0,3.0,13.0,42.0,0.0,0.0,89.45,0.67,22.0,15.0,56.0,5.543,30.0,13.0,0.0
811,20.0,1.0,3.0,4.0,4.0,27.0,29.0,0.0,0.0,89.45,0.67,22.0,15.0,56.0,5.543,522.0,317.0,16.0
812,16.0,2.0,4.0,3.0,4.0,11.0,22.0,22.0,0.0,89.45,0.67,22.0,15.0,56.0,5.543,47.0,28.0,3.0
813,19.0,1.0,3.0,4.0,4.0,38.0,16.0,0.0,0.0,89.45,0.67,22.0,15.0,56.0,5.543,5.0,0.0,1.0
814,9.0,1.0,4.0,3.0,3.0,30.0,26.0,0.0,0.0,89.45,0.67,22.0,15.0,56.0,5.543,187.0,100.0,3.0
815,10.0,1.0,4.0,3.0,3.0,26.0,29.0,0.0,0.0,89.45,0.67,22.0,15.0,56.0,5.543,30.0,17.0,-1.0
816,13.0,1.0,4.0,3.0,3.0,12.0,43.0,0.0,0.0,89.45,0.67,22.0,15.0,56.0,5.543,83.0,40.0,5.0
817,11.0,1.0,4.0,3.0,3.0,11.0,44.0,0.0,0.0,89.45,0.67,22.0,15.0,56.0,5.543,83.0,43.0,2.0
818,17.0,1.0,4.0,3.0,3.0,10.0,45.0,0.0,0.0,89.45,0.67,22.0,15.0,56.0,5.543,47.0,19.0,5.0
819,8.0,2.0,4.0,3.0,4.0,9.0,41.0,5.0,0.0,89.45,0.67,22.0,15.0,56.0,5.543,57.0,43.0,-8.0
820,12.0,1.0,4.0,3.0,3.0,13.0,42.0,0.0,0.0,89.45,0.67,22.0,15.0,56.0,5.543,57.0,8.0,-3.0
821,6.0,1.0,4.0,3.0,3.0,2.0,53.0,0.0,0.0,89.45,0.67,22.0,15.0,56.0,5.543,187.0,87.0,-4.0
822,3.0,1.0,4.0,3.0,3.0,27.0,29.0,0.0,0.0,89.45,0.67,22.0,15.0,56.0,5.543,368.0,168.0,2.0
823,1.0,1.0,4.0,3.0,3.0,26.0,30.0,0.0,0.0,89.45,0.67,22.0,15.0,56.0,5.543,668.0,363.0,-1.0
825,18.0,1.0,3.0,4.0,4.0,37.0,18.0,0.0,0.0,89.45,0.67,22.0,15.0,56.0,5.543,5.0,5.0,1.0
826,8.0,1.0,4.0,3.0,3.0,42.0,27.0,0.0,0.0,85.53,0.39,34.7,13.0,70.0,3.975,30.0,13.0,-2.0
827,1.0,1.0,4.0,3.0,3.0,32.0,38.0,0.0,0.0,85.53,0.39,34.7,13.0,70.0,3.975,522.0,317.0,0.0
828,2.0,1.0,4.0,3.0,3.0,33.0,37.0,0.0,0.0,85.53,0.39,34.7,13.0,70.0,3.975,522.0,205.0,0.0
829,20.0,2.0,4.0,3.0,4.0,1.0,62.0,5.0,1.0,85.53,0.39,34.7,13.0,70.0,3.975,5.0,0.0,4.0
830,13.0,1.0,4.0,3.0,3.0,34.0,35.0,0.0,0.0,85.53,0.39,34.7,13.0,70.0,3.975,187.0,100.0,5.0
831,7.0,1.0,4.0,3.0,3.0,35.0,35.0,0.0,0.0,85.53,0.39,34.7,13.0,70.0,3.975,30.0,17.0,1.0
832,17.0,1.0,4.0,3.0,3.0,29.0,40.0,0.0,0.0,85.53,0.39,34.7,13.0,70.0,3.975,83.0,40.0,3.0
834,16.0,1.0,3.0,4.0,4.0,40.0,29.0,0.0,0.0,85.53,0.39,34.7,13.0,70.0,3.975,53.0,5.0,5.0
835,12.0,1.0,4.0,3.0,3.0,45.0,22.0,0.0,0.0,85.53,0.39,34.7,13.0,70.0,3.975,57.0,43.0,-5.0
836,10.0,1.0,4.0,3.0,3.0,46.0,23.0,0.0,0.0,85.53,0.39,34.7,13.0,70.0,3.975,57.0,8.0,-2.0
837,11.0,1.0,4.0,3.0,3.0,35.0,34.0,0.0,0.0,85.53,0.39,34.7,13.0,70.0,3.975,187.0,87.0,2.0
838,5.0,1.0,4.0,3.0,3.0,42.0,28.0,0.0,0.0,85.53,0.39,34.7,13.0,70.0,3.975,368.0,168.0,0.0
842,18.0,2.0,4.0,3.0,3.0,3.0,25.0,40.0,1.0,85.53,0.39,34.7,13.0,70.0,3.975,5.0,5.0,3.0
843,16.0,1.0,3.0,4.0,4.0,37.0,16.0,0.0,0.0,70.36,0.33,12.8,11.0,59.0,5.793,368.0,200.0,12.0
844,6.0,1.0,4.0,3.0,3.0,31.0,22.0,0.0,0.0,70.36,0.33,12.8,11.0,59.0,5.793,522.0,317.0,3.0
846,20.0,2.0,4.0,3.0,4.0,3.0,31.0,18.0,0.0,70.36,0.33,12.8,11.0,59.0,5.793,47.0,28.0,5.0
847,11.0,1.0,4.0,3.0,3.0,18.0,31.0,0.0,0.0,70.36,0.33,12.8,11.0,59.0,5.793,5.0,0.0,-7.0
848,10.0,1.0,4.0,3.0,3.0,32.0,21.0,0.0,0.0,70.36,0.33,12.8,11.0,59.0,5.793,187.0,100.0,1.0
850,2.0,1.0,4.0,3.0,3.0,17.0,36.0,0.0,0.0,70.36,0.33,12.8,11.0,59.0,5.793,83.0,40.0,-5.0
851,7.0,1.0,4.0,3.0,3.0,21.0,32.0,0.0,0.0,70.36,0.33,12.8,11.0,59.0,5.793,83.0,43.0,-1.0
852,9.0,1.0,4.0,3.0,3.0,11.0,41.0,0.0,0.0,70.36,0.33,12.8,11.0,59.0,5.793,47.0,19.0,-2.0
853,8.0,1.0,4.0,3.0,3.0,19.0,33.0,0.0,0.0,70.36,0.33,12.8,11.0,59.0,5.793,53.0,5.0,-4.0
854,14.0,1.0,4.0,3.0,3.0,9.0,43.0,0.0,0.0,70.36,0.33,12.8,11.0,59.0,5.793,57.0,43.0,1.0
855,3.0,1.0,4.0,3.0,3.0,16.0,37.0,0.0,0.0,70.36,0.33,12.8,11.0,59.0,5.793,187.0,87.0,-3.0
856,13.0,2.0,3.0,4.0,4.0,3.0,24.0,25.0,0.0,70.36,0.33,12.8,11.0,59.0,5.793,368.0,168.0,3.0
857,1.0,1.0,4.0,3.0,3.0,32.0,21.0,0.0,0.0,70.36,0.33,12.8,11.0,59.0,5.793,668.0,363.0,0.0
858,15.0,1.0,4.0,3.0,3.0,13.0,39.0,0.0,0.0,70.36,0.33,12.8,11.0,59.0,5.793,53.0,54.0,1.0
860,12.0,1.0,4.0,3.0,3.0,20.0,31.0,0.0,0.0,70.36,0.33,12.8,11.0,59.0,5.793,5.0,5.0,-4.0
861,9.0,2.0,4.0,3.0,4.0,9.0,25.0,18.0,1.0,79.03,0.61,40.4,18.0,53.0,5.807,30.0,13.0,-5.0
863,10.0,1.0,3.0,4.0,4.0,28.0,25.0,0.0,0.0,79.03,0.61,40.4,18.0,53.0,5.807,522.0,205.0,5.0
864,13.0,1.0,4.0,3.0,3.0,23.0,30.0,0.0,0.0,79.03,0.61,40.4,18.0,53.0,5.807,47.0,28.0,4.0
865,7.0,1.0,4.0,3.0,3.0,21.0,32.0,0.0,0.0,79.03,0.61,40.4,18.0,53.0,5.807,187.0,100.0,0.0
866,20.0,1.0,4.0,3.0,3.0,25.0,27.0,0.0,0.0,79.03,0.61,40.4,18.0,53.0,5.807,30.0,17.0,9.0
867,8.0,1.0,4.0,3.0,3.0,17.0,35.0,0.0,0.0,79.03,0.61,40.4,18.0,53.0,5.807,83.0,43.0,-2.0
868,12.0,1.0,4.0,3.0,3.0,19.0,34.0,0.0,0.0,79.03,0.61,40.4,18.0,53.0,5.807,47.0,19.0,4.0
869,18.0,1.0,3.0,4.0,4.0,39.0,13.0,0.0,0.0,79.03,0.61,40.4,18.0,53.0,5.807,57.0,8.0,6.0
871,4.0,1.0,4.0,3.0,3.0,21.0,32.0,0.0,0.0,79.03,0.61,40.4,18.0,53.0,5.807,368.0,168.0,2.0
874,19.0,1.0,5.0,4.0,4.0,31.0,39.0,0.0,0.0,71.64,0.36,2.8,17.0,71.0,4.304,30.0,13.0,7.0
875,1.0,2.0,5.0,3.0,5.0,1.0,31.0,39.0,1.0,71.64,0.36,2.8,17.0,71.0,4.304,522.0,317.0,-3.0
876,5.0,1.0,5.0,3.0,3.0,32.0,39.0,0.0,1.0,71.64,0.36,2.8,17.0,71.0,4.304,522.0,205.0,2.0
877,15.0,2.0,4.0,3.0,5.0,31.0,31.0,7.0,0.0,71.64,0.36,2.8,17.0,71.0,4.304,47.0,28.0,0.0
878,9.0,2.0,5.0,3.0,5.0,18.0,32.0,20.0,0.0,71.64,0.36,2.8,17.0,71.0,4.304,187.0,100.0,2.0
879,18.0,1.0,4.0,5.0,5.0,32.0,38.0,0.0,1.0,71.64,0.36,2.8,17.0,71.0,4.304,30.0,17.0,8.0
880,11.0,1.0,5.0,4.0,4.0,32.0,38.0,0.0,1.0,71.64,0.36,2.8,17.0,71.0,4.304,83.0,40.0,5.0
881,10.0,1.0,5.0,3.0,3.0,3.0,67.0,0.0,0.0,71.64,0.36,2.8,17.0,71.0,4.304,83.0,43.0,-1.0
882,14.0,1.0,5.0,3.0,3.0,31.0,39.0,0.0,0.0,71.64,0.36,2.8,17.0,71.0,4.304,47.0,19.0,6.0
883,6.0,1.0,5.0,3.0,3.0,20.0,50.0,0.0,0.0,71.64,0.36,2.8,17.0,71.0,4.304,187.0,87.0,1.0
884,2.0,1.0,5.0,4.0,4.0,32.0,39.0,0.0,0.0,71.64,0.36,2.8,17.0,71.0,4.304,368.0,168.0,1.0
885,3.0,2.0,5.0,3.0,4.0,1.0,30.0,39.0,0.0,71.64,0.36,2.8,17.0,71.0,4.304,668.0,363.0,-6.0
889,2.0,1.0,5.0,4.0,4.0,39.0,39.0,0.0,0.0,78.39,0.52,42.0,19.0,78.0,3.337,522.0,317.0,1.0
890,1.0,1.0,5.0,4.0,4.0,34.0,44.0,0.0,0.0,78.39,0.52,42.0,19.0,78.0,3.337,522.0,205.0,-1.0
891,8.0,1.0,5.0,4.0,4.0,40.0,38.0,0.0,0.0,78.39,0.52,42.0,19.0,78.0,3.337,47.0,28.0,0.0
893,14.0,2.0,5.0,4.0,5.0,38.0,24.0,16.0,1.0,78.39,0.52,42.0,19.0,78.0,3.337,83.0,43.0,5.0
894,11.0,2.0,5.0,4.0,5.0,37.0,5.0,36.0,0.0,78.39,0.52,42.0,19.0,78.0,3.337,47.0,19.0,1.0
895,9.0,1.0,5.0,4.0,4.0,36.0,35.0,0.0,0.0,78.39,0.52,42.0,19.0,78.0,3.337,53.0,5.0,-5.0
896,16.0,1.0,5.0,4.0,4.0,42.0,36.0,0.0,0.0,78.39,0.52,42.0,19.0,78.0,3.337,57.0,8.0,5.0
897,4.0,2.0,5.0,4.0,5.0,32.0,28.0,18.0,1.0,78.39,0.52,42.0,19.0,78.0,3.337,368.0,168.0,-1.0
898,13.0,1.0,5.0,4.0,4.0,46.0,32.0,0.0,0.0,78.39,0.52,42.0,19.0,78.0,3.337,668.0,363.0,6.0
900,3.0,1.0,5.0,4.0,4.0,33.0,45.0,0.0,0.0,78.39,0.52,42.0,19.0,78.0,3.337,668.0,305.0,-1.0
901,20.0,2.0,4.0,5.0,5.0,1.0,23.0,27.0,1.0,75.48,0.4,1.9,18.0,53.0,5.848,30.0,13.0,6.0
902,1.0,1.0,5.0,4.0,4.0,34.0,18.0,0.0,0.0,75.48,0.4,1.9,18.0,53.0,5.848,522.0,317.0,-1.0
903,2.0,2.0,5.0,4.0,4.0,29.0,23.0,0.0,0.0,75.48,0.4,1.9,18.0,53.0,5.848,522.0,205.0,-1.0
904,18.0,2.0,4.0,5.0,5.0,1.0,20.0,30.0,1.0,75.48,0.4,1.9,18.0,53.0,5.848,5.0,0.0,3.0
905,9.0,1.0,5.0,4.0,4.0,27.0,25.0,0.0,0.0,75.48,0.4,1.9,18.0,53.0,5.848,187.0,100.0,3.0
906,11.0,1.0,5.0,4.0,4.0,26.0,25.0,0.0,0.0,75.48,0.4,1.9,18.0,53.0,5.848,83.0,40.0,0.0
907,6.0,2.0,5.0,4.0,5.0,21.0,20.0,10.0,0.0,75.48,0.4,1.9,18.0,53.0,5.848,83.0,43.0,-3.0
909,12.0,1.0,5.0,4.0,4.0,21.0,30.0,0.0,0.0,75.48,0.4,1.9,18.0,53.0,5.848,53.0,5.0,0.0
911,10.0,1.0,5.0,4.0,4.0,26.0,26.0,0.0,0.0,75.48,0.4,1.9,18.0,53.0,5.848,187.0,87.0,3.0
912,7.0,1.0,5.0,4.0,4.0,29.0,23.0,0.0,0.0,75.48,0.4,1.9,18.0,53.0,5.848,368.0,168.0,2.0
913,4.0,1.0,5.0,4.0,4.0,30.0,22.0,0.0,0.0,75.48,0.4,1.9,18.0,53.0,5.848,668.0,363.0,0.0
914,14.0,1.0,5.0,4.0,4.0,24.0,27.0,0.0,0.0,75.48,0.4,1.9,18.0,53.0,5.848,53.0,54.0,4.0
915,3.0,1.0,5.0,4.0,4.0,27.0,25.0,0.0,0.0,75.48,0.4,1.9,18.0,53.0,5.848,668.0,305.0,2.0
916,17.0,2.0,4.0,5.0,5.0,2.0,18.0,30.0,0.0,75.48,0.4,1.9,18.0,53.0,5.848,5.0,5.0,1.0
917,6.0,2.0,3.0,2.0,3.0,21.0,17.0,28.0,0.0,74.12,0.49,29.6,16.0,66.0,4.655,368.0,200.0,3.0
918,2.0,2.0,3.0,3.0,2.0,14.0,23.0,29.0,1.0,74.12,0.49,29.6,16.0,66.0,4.655,522.0,317.0,0.0
919,14.0,2.0,3.0,3.0,2.0,19.0,15.0,31.0,1.0,74.12,0.49,29.6,16.0,66.0,4.655,47.0,28.0,4.0
920,16.0,2.0,3.0,3.0,2.0,18.0,14.0,32.0,0.0,74.12,0.49,29.6,16.0,66.0,4.655,5.0,0.0,5.0
921,8.0,2.0,3.0,3.0,2.0,18.0,16.0,31.0,1.0,74.12,0.49,29.6,16.0,66.0,4.655,187.0,100.0,4.0
922,18.0,2.0,3.0,3.0,2.0,12.0,21.0,31.0,0.0,74.12,0.49,29.6,16.0,66.0,4.655,83.0,40.0,2.0
923,19.0,2.0,2.0,3.0,3.0,1.0,32.0,32.0,0.0,74.12,0.49,29.6,16.0,66.0,4.655,53.0,5.0,10.0
924,13.0,2.0,3.0,3.0,2.0,15.0,18.0,32.0,0.0,74.12,0.49,29.6,16.0,66.0,4.655,57.0,43.0,7.0
925,10.0,2.0,3.0,3.0,2.0,16.0,18.0,31.0,1.0,74.12,0.49,29.6,16.0,66.0,4.655,187.0,87.0,5.0
927,12.0,2.0,3.0,3.0,2.0,13.0,21.0,31.0,1.0,74.12,0.49,29.6,16.0,66.0,4.655,53.0,54.0,5.0
928,15.0,1.0,3.0,2.0,2.0,33.0,32.0,0.0,0.0,74.12,0.49,29.6,16.0,66.0,4.655,5.0,5.0,7.0
929,20.0,1.0,4.0,5.0,5.0,25.0,30.0,0.0,0.0,75.28,0.56,30.9,20.0,56.0,5.513,30.0,13.0,8.0
930,2.0,2.0,5.0,3.0,4.0,16.0,22.0,18.0,0.0,75.28,0.56,30.9,20.0,56.0,5.513,522.0,317.0,0.0
932,12.0,1.0,5.0,3.0,3.0,16.0,39.0,0.0,0.0,75.28,0.56,30.9,20.0,56.0,5.513,47.0,28.0,-2.0
933,13.0,1.0,4.0,3.0,3.0,21.0,34.0,0.0,0.0,75.28,0.56,30.9,20.0,56.0,5.513,5.0,0.0,-2.0
934,9.0,1.0,5.0,3.0,3.0,12.0,43.0,0.0,0.0,75.28,0.56,30.9,20.0,56.0,5.513,187.0,100.0,1.0
935,15.0,2.0,4.0,3.0,5.0,10.0,26.0,19.0,0.0,75.28,0.56,30.9,20.0,56.0,5.513,83.0,40.0,4.0
937,17.0,2.0,4.0,3.0,5.0,1.0,48.0,6.0,0.0,75.28,0.56,30.9,20.0,56.0,5.513,47.0,19.0,1.0
938,11.0,1.0,5.0,3.0,3.0,17.0,38.0,0.0,0.0,75.28,0.56,30.9,20.0,56.0,5.513,53.0,5.0,1.0
939,6.0,1.0,5.0,3.0,3.0,14.0,42.0,0.0,0.0,75.28,0.56,30.9,20.0,56.0,5.513,187.0,87.0,0.0
940,16.0,2.0,4.0,3.0,4.0,24.0,13.0,19.0,0.0,75.28,0.56,30.9,20.0,56.0,5.513,368.0,168.0,12.0
941,1.0,1.0,5.0,3.0,3.0,19.0,37.0,0.0,0.0,75.28,0.56,30.9,20.0,56.0,5.513,668.0,363.0,0.0
943,3.0,2.0,5.0,3.0,5.0,18.0,34.0,4.0,0.0,75.28,0.56,30.9,20.0,56.0,5.513,668.0,305.0,-2.0
944,3.0,2.0,4.0,3.0,3.0,9.0,15.0,31.0,0.0,80.72,0.5,10.7,21.0,55.0,5.554,468.0,256.0,-2.0
945,5.0,2.0,5.0,3.0,4.0,8.0,29.0,18.0,0.0,80.72,0.5,10.7,21.0,55.0,5.554,398.0,212.0,2.0
946,2.0,2.0,5.0,3.0,3.0,8.0,21.0,26.0,0.0,80.72,0.5,10.7,21.0,55.0,5.554,765.0,385.0,0.0
947,4.0,2.0,5.0,3.0,3.0,7.0,18.0,30.0,0.0,80.72,0.5,10.7,21.0,55.0,5.554,398.0,186.0,-2.0
948,14.0,2.0,3.0,3.0,4.0,20.0,18.0,17.0,0.0,80.72,0.5,10.7,21.0,55.0,5.554,29.0,29.0,3.0
949,22.0,1.0,3.0,4.0,4.0,38.0,16.0,0.0,0.0,80.72,0.5,10.7,21.0,55.0,5.554,2.0,0.0,7.0
950,8.0,2.0,5.0,3.0,3.0,9.0,18.0,28.0,0.0,80.72,0.5,10.7,21.0,55.0,5.554,173.0,101.0,0.0
951,19.0,2.0,4.0,3.0,3.0,7.0,29.0,18.0,0.0,80.72,0.5,10.7,21.0,55.0,5.554,2.0,2.0,3.0
954,13.0,2.0,4.0,3.0,3.0,8.0,20.0,27.0,0.0,80.72,0.5,10.7,21.0,55.0,5.554,29.0,0.0,1.0
956,20.0,2.0,3.0,3.0,4.0,22.0,14.0,18.0,0.0,80.72,0.5,10.7,21.0,55.0,5.554,1.0,0.0,7.0
957,6.0,1.0,4.0,3.0,3.0,21.0,34.0,0.0,0.0,80.72,0.5,10.7,21.0,55.0,5.554,468.0,204.0,2.0
958,1.0,2.0,5.0,3.0,3.0,7.0,21.0,27.0,0.0,80.72,0.5,10.7,21.0,55.0,5.554,765.0,380.0,0.0
959,16.0,2.0,5.0,3.0,3.0,6.0,18.0,30.0,0.0,80.72,0.5,10.7,21.0,55.0,5.554,1.0,1.0,2.0
961,2.0,2.0,4.0,3.0,2.0,12.0,6.0,39.0,1.0,70.44,0.43,2.6,16.0,58.0,5.303,765.0,385.0,1.0
962,19.0,1.0,3.0,2.0,2.0,18.0,39.0,0.0,1.0,70.44,0.43,2.6,16.0,58.0,5.303,29.0,29.0,13.0
963,9.0,1.0,3.0,2.0,2.0,16.0,41.0,0.0,1.0,70.44,0.43,2.6,16.0,58.0,5.303,173.0,101.0,-4.0
964,17.0,2.0,4.0,3.0,2.0,10.0,8.0,38.0,1.0,70.44,0.43,2.6,16.0,58.0,5.303,2.0,2.0,2.0
966,14.0,2.0,4.0,3.0,2.0,1.0,17.0,39.0,1.0,70.44,0.43,2.6,16.0,58.0,5.303,8.0,7.0,2.0
967,10.0,1.0,3.0,2.0,2.0,16.0,41.0,0.0,1.0,70.44,0.43,2.6,16.0,58.0,5.303,173.0,72.0,3.0
968,13.0,2.0,4.0,3.0,2.0,12.0,6.0,39.0,1.0,70.44,0.43,2.6,16.0,58.0,5.303,8.0,1.0,2.0
969,1.0,1.0,4.0,2.0,2.0,16.0,41.0,0.0,1.0,70.44,0.43,2.6,16.0,58.0,5.303,765.0,380.0,-1.0
970,16.0,1.0,3.0,2.0,2.0,17.0,40.0,0.0,2.0,70.44,0.43,2.6,16.0,58.0,5.303,138.0,85.0,8.0
972,6.0,2.0,5.0,3.0,4.0,10.0,45.0,16.0,2.0,59.14,0.72,63.5,8.0,71.0,4.318,765.0,385.0,2.0
974,13.0,1.0,4.0,3.0,3.0,26.0,45.0,0.0,2.0,59.14,0.72,63.5,8.0,71.0,4.318,29.0,29.0,6.0
975,18.0,2.0,4.0,3.0,4.0,12.0,38.0,20.0,2.0,59.14,0.72,63.5,8.0,71.0,4.318,2.0,0.0,3.0
976,16.0,2.0,5.0,4.0,3.0,9.0,17.0,43.0,2.0,59.14,0.72,63.5,8.0,71.0,4.318,173.0,101.0,-1.0
977,21.0,1.0,3.0,4.0,4.0,43.0,27.0,0.0,2.0,59.14,0.72,63.5,8.0,71.0,4.318,2.0,2.0,8.0
978,14.0,2.0,4.0,3.0,3.0,8.0,18.0,38.0,2.0,59.14,0.72,63.5,8.0,71.0,4.318,76.0,54.0,-4.0
979,10.0,2.0,4.0,3.0,4.0,12.0,44.0,7.0,2.0,59.14,0.72,63.5,8.0,71.0,4.318,138.0,53.0,-10.0
980,17.0,2.0,4.0,3.0,4.0,12.0,44.0,7.0,2.0,59.14,0.72,63.5,8.0,71.0,4.318,8.0,7.0,3.0
981,11.0,2.0,4.0,4.0,3.0,21.0,20.0,29.0,2.0,59.14,0.72,63.5,8.0,71.0,4.318,29.0,0.0,0.0
982,3.0,2.0,5.0,3.0,3.0,9.0,17.0,45.0,2.0,59.14,0.72,63.5,8.0,71.0,4.318,76.0,21.0,-3.0
983,19.0,2.0,4.0,3.0,4.0,12.0,38.0,20.0,2.0,59.14,0.72,63.5,8.0,71.0,4.318,8.0,1.0,7.0
984,8.0,1.0,4.0,3.0,3.0,15.0,56.0,0.0,2.0,59.14,0.72,63.5,8.0,71.0,4.318,468.0,204.0,6.0
986,15.0,2.0,4.0,3.0,3.0,9.0,19.0,43.0,2.0,59.14,0.72,63.5,8.0,71.0,4.318,63.0,46.0,7.0
987,7.0,2.0,5.0,3.0,4.0,9.0,42.0,19.0,2.0,59.14,0.72,63.5,8.0,71.0,4.318,138.0,85.0,-2.0
988,20.0,2.0,3.0,4.0,4.0,27.0,23.0,20.0,3.0,59.14,0.72,63.5,8.0,71.0,4.318,1.0,0.0,4.0
989,12.0,2.0,5.0,5.0,3.0,13.0,10.0,47.0,2.0,59.14,0.72,63.5,8.0,71.0,4.318,1.0,1.0,2.0
990,5.0,2.0,3.0,3.0,2.0,9.0,16.0,19.0,1.0,83.02,0.54,102.2,19.0,44.0,7.004,468.0,256.0,3.0
991,1.0,2.0,3.0,2.0,2.0,9.0,17.0,18.0,1.0,83.02,0.54,102.2,19.0,44.0,7.004,765.0,385.0,0.0
992,11.0,2.0,3.0,3.0,2.0,6.0,17.0,21.0,2.0,83.02,0.54,102.2,19.0,44.0,7.004,29.0,29.0,-2.0
993,6.0,2.0,4.0,3.0,2.0,6.0,18.0,20.0,2.0,83.02,0.54,102.2,19.0,44.0,7.004,173.0,101.0,1.0
994,22.0,2.0,2.0,3.0,2.0,9.0,14.0,21.0,1.0,83.02,0.54,102.2,19.0,44.0,7.004,76.0,54.0,15.0
995,10.0,2.0,4.0,3.0,2.0,2.0,20.0,22.0,2.0,83.02,0.54,102.2,19.0,44.0,7.004,138.0,53.0,0.0
996,18.0,2.0,3.0,3.0,2.0,7.0,15.0,22.0,2.0,83.02,0.54,102.2,19.0,44.0,7.004,29.0,0.0,6.0
997,7.0,2.0,4.0,3.0,2.0,6.0,3.0,14.0,2.0,83.02,0.54,102.2,19.0,44.0,7.004,173.0,72.0,3.0
998,17.0,2.0,3.0,2.0,2.0,6.0,18.0,19.0,2.0,83.02,0.54,102.2,19.0,44.0,7.004,1.0,0.0,1.0
999,8.0,2.0,4.0,3.0,2.0,7.0,16.0,21.0,2.0,83.02,0.54,102.2,19.0,44.0,7.004,138.0,85.0,0.0
1000,4.0,2.0,5.0,3.0,3.0,21.0,17.0,32.0,0.0,53.14,0.57,5.2,17.0,70.0,4.43,468.0,256.0,-3.0
1002,2.0,2.0,5.0,3.0,3.0,21.0,30.0,19.0,0.0,53.14,0.57,5.2,17.0,70.0,4.43,765.0,385.0,-3.0
1003,6.0,2.0,5.0,4.0,3.0,11.0,22.0,37.0,1.0,53.14,0.57,5.2,17.0,70.0,4.43,398.0,186.0,0.0
1004,21.0,2.0,5.0,3.0,3.0,14.0,25.0,29.0,0.0,53.14,0.57,5.2,17.0,70.0,4.43,2.0,0.0,6.0
1006,18.0,2.0,5.0,3.0,3.0,9.0,26.0,33.0,0.0,53.14,0.57,5.2,17.0,70.0,4.43,2.0,2.0,0.0
1008,22.0,1.0,3.0,5.0,5.0,39.0,29.0,0.0,0.0,53.14,0.57,5.2,17.0,70.0,4.43,8.0,7.0,6.0
1010,15.0,2.0,5.0,3.0,5.0,17.0,27.0,25.0,0.0,53.14,0.57,5.2,17.0,70.0,4.43,63.0,25.0,3.0
1011,9.0,2.0,5.0,3.0,3.0,21.0,30.0,18.0,0.0,53.14,0.57,5.2,17.0,70.0,4.43,173.0,72.0,1.0
1014,20.0,2.0,5.0,3.0,5.0,13.0,35.0,21.0,0.0,53.14,0.57,5.2,17.0,70.0,4.43,63.0,46.0,11.0
1015,7.0,1.0,5.0,3.0,3.0,23.0,47.0,0.0,0.0,53.14,0.57,5.2,17.0,70.0,4.43,138.0,85.0,4.0
1017,17.0,2.0,5.0,3.0,3.0,11.0,27.0,30.0,1.0,53.14,0.57,5.2,17.0,70.0,4.43,1.0,1.0,0.0
1018,2.0,2.0,4.0,3.0,2.0,6.0,16.0,29.0,0.0,88.0,0.43,26.8,20.0,51.0,6.003,468.0,256.0,-5.0
1021,4.0,1.0,4.0,3.0,3.0,8.0,43.0,0.0,0.0,88.0,0.43,26.8,20.0,51.0,6.003,398.0,186.0,0.0
1022,11.0,2.0,4.0,3.0,2.0,10.0,16.0,24.0,0.0,88.0,0.43,26.8,20.0,51.0,6.003,29.0,29.0,-2.0
1023,20.0,2.0,3.0,4.0,3.0,16.0,9.0,25.0,0.0,88.0,0.43,26.8,20.0,51.0,6.003,2.0,0.0,3.0
1024,7.0,1.0,4.0,3.0,3.0,16.0,35.0,0.0,0.0,88.0,0.43,26.8,20.0,51.0,6.003,173.0,101.0,4.0
1025,15.0,2.0,4.0,3.0,3.0,7.0,17.0,26.0,0.0,88.0,0.43,26.8,20.0,51.0,6.003,2.0,2.0,3.0
1026,5.0,2.0,4.0,3.0,3.0,7.0,21.0,23.0,0.0,88.0,0.43,26.8,20.0,51.0,6.003,138.0,53.0,-5.0
1027,22.0,1.0,4.0,3.0,3.0,6.0,44.0,0.0,0.0,88.0,0.43,26.8,20.0,51.0,6.003,8.0,7.0,8.0
1028,14.0,2.0,4.0,3.0,4.0,8.0,21.0,21.0,0.0,88.0,0.43,26.8,20.0,51.0,6.003,29.0,0.0,-2.0
1029,19.0,2.0,4.0,3.0,3.0,6.0,19.0,26.0,0.0,88.0,0.43,26.8,20.0,51.0,6.003,76.0,21.0,8.0
1030,12.0,1.0,3.0,4.0,4.0,20.0,31.0,0.0,0.0,88.0,0.43,26.8,20.0,51.0,6.003,173.0,72.0,3.0
1031,21.0,2.0,4.0,3.0,4.0,11.0,20.0,19.0,0.0,88.0,0.43,26.8,20.0,51.0,6.003,8.0,1.0,6.0
1032,9.0,2.0,4.0,3.0,2.0,5.0,15.0,31.0,0.0,88.0,0.43,26.8,20.0,51.0,6.003,468.0,204.0,1.0
1033,10.0,1.0,4.0,3.0,3.0,15.0,36.0,0.0,0.0,88.0,0.43,26.8,20.0,51.0,6.003,765.0,380.0,5.0
1034,8.0,1.0,4.0,3.0,3.0,19.0,32.0,0.0,0.0,88.0,0.43,26.8,20.0,51.0,6.003,138.0,85.0,2.0
1035,16.0,1.0,4.0,3.0,3.0,1.0,48.0,0.0,0.0,88.0,0.43,26.8,20.0,51.0,6.003,1.0,0.0,-2.0
1036,3.0,2.0,4.0,3.0,3.0,15.0,18.0,37.0,0.0,83.02,0.54,34.7,13.0,70.0,3.975,468.0,256.0,0.0
1037,5.0,2.0,4.0,3.0,3.0,14.0,27.0,29.0,0.0,83.02,0.54,34.7,13.0,70.0,3.975,398.0,212.0,1.0
1038,1.0,2.0,4.0,3.0,3.0,17.0,25.0,28.0,0.0,83.02,0.54,34.7,13.0,70.0,3.975,765.0,385.0,-1.0
1039,14.0,2.0,3.0,4.0,4.0,29.0,21.0,20.0,0.0,83.02,0.54,34.7,13.0,70.0,3.975,398.0,186.0,8.0
1040,11.0,2.0,4.0,3.0,3.0,14.0,22.0,33.0,0.0,83.02,0.54,34.7,13.0,70.0,3.975,29.0,29.0,-3.0
1041,13.0,2.0,3.0,2.0,3.0,27.0,13.0,29.0,0.0,83.02,0.54,34.7,13.0,70.0,3.975,173.0,101.0,2.0
1042,16.0,2.0,4.0,3.0,3.0,11.0,28.0,30.0,0.0,83.02,0.54,34.7,13.0,70.0,3.975,2.0,2.0,-1.0
1043,7.0,2.0,4.0,3.0,3.0,15.0,29.0,25.0,0.0,83.02,0.54,34.7,13.0,70.0,3.975,76.0,54.0,0.0
1045,19.0,2.0,4.0,4.0,3.0,24.0,12.0,33.0,0.0,83.02,0.54,34.7,13.0,70.0,3.975,8.0,7.0,4.0
1046,15.0,2.0,4.0,3.0,3.0,15.0,22.0,32.0,0.0,83.02,0.54,34.7,13.0,70.0,3.975,29.0,0.0,2.0
1047,12.0,2.0,3.0,4.0,4.0,24.0,22.0,23.0,0.0,83.02,0.54,34.7,13.0,70.0,3.975,63.0,25.0,-4.0
1048,9.0,2.0,4.0,3.0,3.0,14.0,25.0,30.0,0.0,83.02,0.54,34.7,13.0,70.0,3.975,173.0,72.0,-1.0
1049,17.0,2.0,3.0,4.0,3.0,26.0,13.0,30.0,0.0,83.02,0.54,34.7,13.0,70.0,3.975,8.0,1.0,5.0
1050,4.0,2.0,4.0,3.0,3.0,16.0,22.0,32.0,0.0,83.02,0.54,34.7,13.0,70.0,3.975,468.0,204.0,-1.0
1051,2.0,2.0,4.0,3.0,3.0,16.0,25.0,29.0,0.0,83.02,0.54,34.7,13.0,70.0,3.975,765.0,380.0,1.0
1052,6.0,2.0,4.0,3.0,3.0,16.0,26.0,27.0,0.0,83.02,0.54,34.7,13.0,70.0,3.975,63.0,46.0,-2.0
1053,10.0,2.0,4.0,3.0,3.0,16.0,27.0,26.0,0.0,83.02,0.54,34.7,13.0,70.0,3.975,138.0,85.0,1.0
1056,6.0,2.0,4.0,3.0,4.0,16.0,21.0,16.0,0.0,79.92,0.57,12.8,11.0,59.0,5.793,468.0,256.0,1.0
1057,3.0,2.0,4.0,4.0,3.0,16.0,17.0,20.0,0.0,79.92,0.57,12.8,11.0,59.0,5.793,398.0,212.0,0.0
1058,2.0,1.0,3.0,2.0,2.0,24.0,29.0,0.0,0.0,79.92,0.57,12.8,11.0,59.0,5.793,765.0,385.0,1.0
1060,17.0,1.0,3.0,4.0,4.0,28.0,24.0,0.0,0.0,79.92,0.57,12.8,11.0,59.0,5.793,29.0,29.0,6.0
1061,19.0,1.0,3.0,2.0,2.0,23.0,29.0,0.0,0.0,79.92,0.57,12.8,11.0,59.0,5.793,2.0,0.0,3.0
1062,8.0,2.0,4.0,3.0,3.0,15.0,13.0,25.0,0.0,79.92,0.57,12.8,11.0,59.0,5.793,173.0,101.0,0.0
1064,21.0,2.0,4.0,3.0,4.0,14.0,16.0,22.0,0.0,79.92,0.57,12.8,11.0,59.0,5.793,8.0,7.0,4.0
1065,10.0,2.0,4.0,3.0,4.0,16.0,18.0,18.0,0.0,79.92,0.57,12.8,11.0,59.0,5.793,29.0,0.0,-3.0
1066,14.0,2.0,4.0,3.0,4.0,15.0,23.0,14.0,0.0,79.92,0.57,12.8,11.0,59.0,5.793,76.0,21.0,2.0
1067,9.0,2.0,4.0,3.0,3.0,14.0,19.0,20.0,0.0,79.92,0.57,12.8,11.0,59.0,5.793,173.0,72.0,-1.0
1068,22.0,1.0,2.0,3.0,3.0,32.0,19.0,0.0,0.0,79.92,0.57,12.8,11.0,59.0,5.793,1.0,0.0,4.0
1069,7.0,2.0,4.0,3.0,3.0,13.0,22.0,18.0,0.0,79.92,0.57,12.8,11.0,59.0,5.793,468.0,204.0,0.0
1070,1.0,1.0,3.0,2.0,2.0,25.0,28.0,0.0,0.0,79.92,0.57,12.8,11.0,59.0,5.793,765.0,380.0,-1.0
1071,15.0,2.0,3.0,4.0,4.0,23.0,16.0,13.0,0.0,79.92,0.57,12.8,11.0,59.0,5.793,63.0,46.0,0.0
1072,5.0,2.0,4.0,3.0,3.0,13.0,17.0,23.0,0.0,79.92,0.57,12.8,11.0,59.0,5.793,138.0,85.0,-1.0
1073,4.0,2.0,3.0,1.0,1.0,10.0,22.0,21.0,0.0,71.1,0.58,40.4,18.0,53.0,5.807,468.0,256.0,-2.0
1074,6.0,2.0,3.0,1.0,3.0,12.0,22.0,19.0,0.0,71.1,0.58,40.4,18.0,53.0,5.807,398.0,212.0,2.0
1076,8.0,2.0,3.0,1.0,1.0,12.0,14.0,27.0,0.0,71.1,0.58,40.4,18.0,53.0,5.807,398.0,186.0,3.0
1077,7.0,2.0,3.0,1.0,1.0,10.0,20.0,23.0,0.0,71.1,0.58,40.4,18.0,53.0,5.807,29.0,29.0,-4.0
1078,18.0,1.0,2.0,1.0,1.0,26.0,26.0,0.0,0.0,71.1,0.58,40.4,18.0,53.0,5.807,2.0,0.0,3.0
1079,5.0,2.0,3.0,1.0,2.0,12.0,17.0,24.0,0.0,71.1,0.58,40.4,18.0,53.0,5.807,173.0,101.0,-2.0
1082,12.0,1.0,2.0,1.0,1.0,24.0,29.0,0.0,0.0,71.1,0.58,40.4,18.0,53.0,5.807,138.0,53.0,3.0
1083,17.0,1.0,1.0,2.0,2.0,25.0,27.0,0.0,0.0,71.1,0.58,40.4,18.0,53.0,5.807,8.0,7.0,3.0
1084,10.0,2.0,3.0,1.0,1.0,11.0,17.0,24.0,0.0,71.1,0.58,40.4,18.0,53.0,5.807,29.0,0.0,-10.0
1085,22.0,2.0,1.0,3.0,3.0,19.0,17.0,16.0,0.0,71.1,0.58,40.4,18.0,53.0,5.807,76.0,21.0,4.0
1088,16.0,1.0,2.0,1.0,1.0,25.0,27.0,0.0,0.0,71.1,0.58,40.4,18.0,53.0,5.807,8.0,1.0,4.0
1089,20.0,2.0,3.0,1.0,1.0,12.0,19.0,21.0,0.0,71.1,0.58,40.4,18.0,53.0,5.807,1.0,0.0,-1.0
1090,3.0,2.0,3.0,1.0,1.0,10.0,18.0,25.0,0.0,71.1,0.58,40.4,18.0,53.0,5.807,468.0,204.0,1.0
1091,2.0,2.0,3.0,1.0,1.0,13.0,20.0,20.0,0.0,71.1,0.58,40.4,18.0,53.0,5.807,765.0,380.0,-1.0
1092,14.0,2.0,3.0,1.0,3.0,13.0,24.0,15.0,0.0,71.1,0.58,40.4,18.0,53.0,5.807,63.0,46.0,-3.0
1095,4.0,2.0,4.0,2.0,3.0,1.0,49.0,21.0,1.0,68.28,0.44,2.8,17.0,71.0,4.304,468.0,256.0,1.0
1096,7.0,1.0,3.0,2.0,2.0,32.0,39.0,0.0,0.0,68.28,0.44,2.8,17.0,71.0,4.304,398.0,212.0,2.0
1097,2.0,1.0,3.0,2.0,2.0,20.0,51.0,0.0,0.0,68.28,0.44,2.8,17.0,71.0,4.304,765.0,385.0,0.0
1099,22.0,2.0,3.0,2.0,3.0,11.0,39.0,20.0,0.0,68.28,0.44,2.8,17.0,71.0,4.304,29.0,29.0,2.0
1100,15.0,1.0,3.0,2.0,2.0,1.0,69.0,0.0,1.0,68.28,0.44,2.8,17.0,71.0,4.304,2.0,0.0,4.0
1101,12.0,1.0,3.0,2.0,2.0,20.0,51.0,0.0,0.0,68.28,0.44,2.8,17.0,71.0,4.304,173.0,101.0,2.0
1102,19.0,1.0,2.0,4.0,4.0,49.0,21.0,0.0,0.0,68.28,0.44,2.8,17.0,71.0,4.304,2.0,2.0,4.0
1103,11.0,2.0,3.0,2.0,3.0,16.0,29.0,25.0,0.0,68.28,0.44,2.8,17.0,71.0,4.304,76.0,54.0,-2.0
1105,14.0,2.0,3.0,2.0,4.0,12.0,39.0,19.0,0.0,68.28,0.44,2.8,17.0,71.0,4.304,8.0,7.0,-3.0
1106,17.0,2.0,3.0,2.0,3.0,12.0,36.0,22.0,0.0,68.28,0.44,2.8,17.0,71.0,4.304,29.0,0.0,-2.0
1109,5.0,1.0,4.0,2.0,2.0,14.0,57.0,0.0,0.0,68.28,0.44,2.8,17.0,71.0,4.304,173.0,72.0,-2.0
1110,21.0,1.0,4.0,2.0,2.0,1.0,69.0,0.0,1.0,68.28,0.44,2.8,17.0,71.0,4.304,8.0,1.0,7.0
1111,20.0,1.0,3.0,2.0,2.0,15.0,54.0,0.0,0.0,68.28,0.44,2.8,17.0,71.0,4.304,1.0,0.0,-1.0
1112,3.0,1.0,4.0,2.0,2.0,12.0,59.0,0.0,0.0,68.28,0.44,2.8,17.0,71.0,4.304,468.0,204.0,-1.0
1114,10.0,1.0,3.0,2.0,2.0,15.0,54.0,0.0,0.0,68.28,0.44,2.8,17.0,71.0,4.304,63.0,46.0,-6.0
1115,8.0,1.0,4.0,2.0,2.0,19.0,52.0,0.0,0.0,68.28,0.44,2.8,17.0,71.0,4.304,138.0,85.0,0.0
1116,5.0,2.0,4.0,2.0,3.0,1.0,28.0,23.0,1.0,63.02,0.58,1.9,18.0,53.0,5.848,468.0,256.0,-6.0
1117,1.0,1.0,4.0,3.0,3.0,21.0,32.0,0.0,0.0,63.02,0.58,1.9,18.0,53.0,5.848,765.0,385.0,0.0
1119,15.0,1.0,4.0,3.0,3.0,20.0,33.0,0.0,0.0,63.02,0.58,1.9,18.0,53.0,5.848,29.0,29.0,7.0
1120,22.0,2.0,3.0,4.0,4.0,1.0,27.0,24.0,1.0,63.02,0.58,1.9,18.0,53.0,5.848,2.0,0.0,8.0
1121,6.0,2.0,4.0,3.0,3.0,1.0,26.0,25.0,1.0,63.02,0.58,1.9,18.0,53.0,5.848,173.0,101.0,-3.0
1122,19.0,1.0,4.0,3.0,3.0,12.0,40.0,0.0,0.0,63.02,0.58,1.9,18.0,53.0,5.848,2.0,2.0,3.0
1123,14.0,1.0,4.0,3.0,3.0,21.0,31.0,0.0,0.0,63.02,0.58,1.9,18.0,53.0,5.848,76.0,54.0,8.0
1124,4.0,2.0,4.0,3.0,4.0,18.0,28.0,7.0,0.0,63.02,0.58,1.9,18.0,53.0,5.848,138.0,53.0,-1.0
1125,17.0,1.0,4.0,3.0,3.0,16.0,36.0,0.0,0.0,63.02,0.58,1.9,18.0,53.0,5.848,8.0,7.0,10.0
1127,12.0,1.0,4.0,3.0,3.0,20.0,32.0,0.0,0.0,63.02,0.58,1.9,18.0,53.0,5.848,76.0,21.0,2.0
1128,8.0,1.0,4.0,2.0,2.0,1.0,51.0,0.0,1.0,63.02,0.58,1.9,18.0,53.0,5.848,468.0,25.0,-7.0
1129,18.0,1.0,4.0,3.0,3.0,14.0,38.0,0.0,0.0,63.02,0.58,1.9,18.0,53.0,5.848,8.0,1.0,5.0
1130,10.0,1.0,4.0,3.0,3.0,17.0,36.0,0.0,0.0,63.02,0.58,1.9,18.0,53.0,5.848,765.0,380.0,8.0
1131,11.0,1.0,4.0,3.0,3.0,11.0,41.0,0.0,0.0,63.02,0.58,1.9,18.0,53.0,5.848,63.0,46.0,-1.0
1132,2.0,1.0,4.0,3.0,3.0,16.0,37.0,0.0,0.0,63.02,0.58,1.9,18.0,53.0,5.848,138.0,85.0,-2.0
1133,20.0,2.0,4.0,3.0,4.0,13.0,26.0,12.0,0.0,63.02,0.58,1.9,18.0,53.0,5.848,1.0,1.0,2.0
